A_x,B_x,C,D_x,E,F,G,A_y,B_y,D_y
"1, ""000001"," ""想像力の教室 """," ""佐藤  慶太[Sato Keita]"""," ""1Q"""," ""金1"""," ""1～""", ,,,
"2, ""000002"," ""地方で生きるということを考える """," ""大村　隆史"""," ""1Q"""," ""金1"""," ""1～""", ,,,
"3, ""000003"," ""ライフプランニングから見た金融 """," ""三好　秀和[Hidekazu MIYOSHI]"""," ""1Q"""," ""木5"""," ""1～""", ,,,
"4, ""000004"," ""社会人になるための基礎を学ぶ """," ""竹内　正興"""," ""3Q"""," ""火2"""," ""1～""", ,,,
"5, ""000005"," ""ワークライフバランスとキャリアデザイン """," ""小方　朋子", 片岡　元子[OGATA Tomoko," KATAOKA Motoko]"""," ""1Q"""," ""火1""",,,
"6, ""000006"," ""地域で活躍する職業人に学ぶA """," ""原　瑞穂"""," ""1Q"""," ""月5"""," ""1～""", ,,,
"7, ""000007"," ""地域で活躍する職業人に学ぶB """," ""原　瑞穂"""," ""2Q"""," ""月5"""," ""1～""", ,,,
"8, ""000008"," ""キャリアデザインと自己理解 """," ""原　瑞穂"""," ""1Q"""," ""木1"""," ""1～""", ,,,
"9, ""000009"," ""キャリアデザインと対人関係 """," ""原　瑞穂"""," ""3Q"""," ""金2"""," ""1～""", ,,,
"10, ""000010"," ""私たち（主権者）と公共・代表 """," ""三野　靖", 堤　英敬[Mino Yasushi," Tsutsumi Hidenori]"""," ""1Q"""," ""火2""",,,
"11, ""000011"," ""多様なライフ・キャリアを考える－男女共同参画の視点から """," ""柴田  潤子"," 黒澤　あずさ[Shibata Junko]"""," ""1Q"""," ""木5"""," ""1～""",,,
"12, ""000012"," ""D（ダイバーシティ）＆I（インクルージョン）入門 """," ""柴田  潤子"," 黒澤　あずさ[Shibata Junko]"""," ""1Q"""," ""木1"""," ""1～""",,,
"13, ""000013"," ""学ぶ・働く・生きる """," ""小方　直幸[OGATA Naoyuki]"""," ""1Q"""," ""木1"""," ""1～""", ,,,
"14, ""000014"," ""身近な生活における支援を考える """," ""大沼　泰枝[Yasue ONUMA]"""," ""3Q"""," ""金2"""," ""1～""", ,,,
"15, ""000015"," ""人生100年時代の学びと仕事を考える """," ""蝶　慎一[CHO Shinichi]"""," ""1Q"""," ""火1"""," ""1～""", ,,,
"16, ""000021"," ""映像から学ぶ香川の歴史と文化、地域の課題 """," ""岡田　徹太郎", 西本　佳代[Okada Tetsutaro," NISHIMOTO KAYO]"""," ""1Q"""," ""金2""",,,
"17, ""000022"," ""地域社会におけるSDGs達成への取り組み """," ""ロン　リム", 高水　徹, 塩井　実香, 原　直行, 和田　健司[Lrong Lim,,,
"18, ""000023"," ""地域をデザインする思考と実践 """," ""西成　典久[Nishinari Norihisa]"""," ""1Q"""," ""火2"""," ""1～""", ,,,
"19, ""000101"," ""名画を読む-美術史入門- """," ""古草　敦史[FURUKUSA Atsushi]"""," ""3Q"""," ""木1"""," ""1～""", ,,,
"20, ""000102"," ""教養としての書道実技 """," ""小西　憲一[KONISHI Kenichi]"""," ""1Q"""," ""月5"""," ""1～""", ,,,
"21, ""000103"," ""現代の美術表現 """," ""吉川　暢子[YOSHIKAWA Nobuko]"""," ""4Q"""," ""木1"""," ""1～""", ,,,
"22, ""000104"," ""SDGsをテーマとした問題解決学習 """," ""神野　幸隆[KAMINO Yukitaka]"""," ""3Q"""," ""火2"""," ""1～""", ,,,
"23, ""000105"," ""学習環境の現在と未来 """," ""笹屋　孝允[SASAYA Takayoshi]"""," ""1Q"""," ""月5"""," ""1～""", ,,,
"24, ""000106"," ""特別支援教育とは　－誰一人取り残さない社会のために－ """," ""坂井　聡", 山本　木ノ実[SAKAI Satoshi," YAMAMOTO Konomi]"""," ""1Q"""," ""金1""",,,
"25, ""000107"," ""教養としての中国古代帝王伝説 """," ""古橋　紀宏[FURUHASHI Norihiro]"""," ""4Q"""," ""金2"""," ""1～""", ,,,
"26, ""000108"," ""アメリカ「帝国」とグローバリゼーション """," ""石井　一也[Ishii Kazuya]"""," ""1Q"""," ""火2"""," ""1～""", ,,,
"27, ""000109"," ""戦後の日本経済－戦後復興から東欧・ソ連の崩壊まで """," ""岡田　徹太郎[Okada Tetsutaro]"""," ""2Q"""," ""金2"""," ""1～""", ,,,
"28, ""000110"," ""戦後の日本経済－バブル発生から平成の終わりまで """," ""岡田　徹太郎[Okada Tetsutaro]"""," ""3Q"""," ""金2"""," ""1～""", ,,,
"29, ""000111"," ""企業と社会の関係A """," ""松岡　久美[Matsuoka Kumi]"""," ""3Q"""," ""火2"""," ""1～""", ,,,
"30, ""000112"," ""企業と社会の関係B """," ""松岡　久美[Matsuoka Kumi]"""," ""4Q"""," ""火2"""," ""1～""", ,,,
"31, ""000113"," ""株式・債券の仕組み """," ""早木　祥夏[HAYAKI Shoka]"""," ""3Q"""," ""火2"""," ""1～""", ,,,
"32, ""000114"," ""市場と感情の科学 """," ""早木　祥夏[HAYAKI Shoka]"""," ""4Q"""," ""火2"""," ""1～""", ,,,
"33, ""000115"," ""プロジェクトさぬき イ"""," ""ロン　リム", 高水　徹, 塩井　実香[Lrong Lim, Takamizu Toru," Shioi Mika]""",,,
"34, ""000116"," ""プロジェクトさぬき ロ"""," ""ロン　リム", 高水　徹, 塩井　実香[Lrong Lim, Takamizu Toru," Shioi Mika]""",,,
"35, ""000117"," ""Leading Edge Issues in Kagawa University イ"""," ""ロン　リム", 高水　徹, 塩井　実香[Lrong Lim, Takamizu Toru," Shioi Mika]""",,,
"36, ""000118"," ""Leading Edge Issues in Kagawa University ロ"""," ""ロン　リム", 高水　徹, 塩井　実香[Lrong Lim, Takamizu Toru," Shioi Mika]""",,,
"37, ""000119"," ""ヨーロッパの音楽祭の歴史と展望Ａ """," ""最上　英明[Mogami Hideaki]"""," ""3Q"""," ""月1"""," ""1～""", ,,,
"38, ""000120"," ""ヨーロッパの音楽祭の歴史と展望Ｂ """," ""最上　英明[Mogami Hideaki]"""," ""4Q"""," ""月1"""," ""1～""", ,,,
"39, ""000121"," ""生命保険を考える """," ""寺尾　徹", 菊地　一哉[TERAO Toru," KIKUCHI Kazuya]"""," ""2Q"""," ""木5""",,,
"40, ""000122"," ""海外体験型異文化コミュニケーションⅠ """," ""ロン　リム", 高水　徹[Lrong Lim," Takamizu Toru]"""," ""3Q"""," ""金2""",,,
"41, ""000123"," ""サーバント・リーダー養成入門Ⅰ """," ""早川　茂", 松村　幸江, 早川　茂[Hayakawa Shigeru," Yukie MATSUMURA]"""," ""2Q""",,,
"42, ""000124"," ""差別とマイノリティ """," ""小坂　有資"""," ""2Q"""," ""火1"""," ""1～""", ,,,
"43, ""000125"," ""マイノリティのライフヒストリー """," ""小坂　有資"""," ""3Q"""," ""火1"""," ""1～""", ,,,
"44, ""000126"," ""社会デザインとマイノリティ問題 """," ""小坂　有資"""," ""4Q"""," ""火1"""," ""1～""", ,,,
"45, ""000127"," ""はじめて学ぶDRI イ"""," ""小坂　有資"," 西本　佳代[NISHIMOTO KAYO]"""," ""1Q"""," ""火1"""," ""1～""",,,
"46, ""000128"," ""はじめて学ぶDRI ロ"""," ""小坂　有資"," 西本　佳代[NISHIMOTO KAYO]"""," ""3Q"""," ""集中"""," ""1～""",,,
"47, ""000129"," ""知プラe科目　日本におけるドイツ兵捕虜1914-1920　―四国の収容所を中心に―　(Focusing on Camps in Shikoku) """," ""井戸  慶治[Keiji IDO]"""," ""後期"""," ""集中"""," ""1～""", ,,,
"48, ""000130"," ""知プラe科目　モラエスの徳島-グローバリズムと異邦人- """," ""金西　計英[Kazuhide KANENISHI]"""," ""後期"""," ""集中"""," ""1～""", ,,,
"49, ""000131"," ""知プラe科目　ユーラシア大陸における人と金属生産の関わり """," ""村上　恭通[Yasuyuki MURAKAMI]"""," ""後期"""," ""集中"""," ""1～""", ,,,
"50, ""000132"," ""企業統治と法 A """," ""前原　信夫[Maehara Nobuo]"""," ""3Q"""," ""金1"""," ""1～""", ,,,
"51, ""000133"," ""企業統治と法 B """," ""前原　信夫[Maehara Nobuo]"""," ""4Q"""," ""金1"""," ""1～""", ,,,
"52, ""000134"," ""オリンピックの歴史と文化 """," ""石川　雄一[ISHIKAWA Yuichi]"""," ""2Q"""," ""金1"""," ""1～""", ,,,
"53, ""000135"," ""やさしい法学入門 """," ""溝渕　彰[Akira MIZOBUCHI]"""," ""2Q"""," ""金2"""," ""1～""", ,,,
"54, ""000136"," ""落語に学ぶ民法入門 """," ""溝渕　彰[Akira MIZOBUCHI]"""," ""4Q"""," ""火2"""," ""1～""", ,,,
"55, ""000137"," ""損害保険を考える """," ""寺尾　徹", 及川　清志[TERAO Toru," OIKAWA Kiyoshi]"""," ""1Q"""," ""木5""",,,
"56, ""000201"," ""心の健康と援助　-臨床心理学の観点から- Ａ """," ""林　智一", 山田　俊介[HAYASHI Tomokazu," Yamada Shunsuke]"""," ""3Q"""," ""金2""",,,
"57, ""000202"," ""「教育」と「情報/ICT」について考えよう  """," ""松下　幸司[Matsushita Koji]"""," ""2Q"""," ""金1"""," ""1～""", ,,,
"58, ""000203"," ""幼児教育から見える日本の文化と子どもたちの育ち """," ""松井　剛太[MATSUI Gota]"""," ""3Q"""," ""金1"""," ""1～""", ,,,
"59, ""000204"," ""自己形成と他者をめぐる問題 """," ""櫻井　佳樹[SAKURAI Yoshiki]"""," ""4Q"""," ""金1"""," ""1～""", ,,,
"60, ""000205"," ""子どもの視座から教育を考える """," ""山岸　知幸[Yamagishi Tomoyuki]"""," ""4Q"""," ""木5"""," ""1～""", ,,,
"61, ""000206"," ""心と身体の関係と医療 """," ""神原　憲治", 太田　美里, 山下　明子, 角　徳文[Kenji KAMBARA, YAMASHITA Akiko,,,
"62, ""000207"," ""脳と体の健康について """," ""上野　正樹", 星野　克明, 鎌田　正紀, 千葉　陽一, 村上　龍太,,,
"63, ""000208"," ""栄養学のすすめ """," ""畦　五月[UNE Satsuki]"""," ""2Q"""," ""金2"""," ""1～""", ,,,
"64, ""000209"," ""人を動かすロジカルコミュニケーション """," ""山中　隆史[Takashi YAMANAKA]"""," ""4Q"""," ""火1"""," ""1～""", ,,,
"65, ""000210"," ""知プラe科目　学校教員の世界 """," ""竹口　幸志", 宮下　晃一[Koji TAKEGUCHI," Koichi MIYASHITA]"""," ""前期"""," ""集中""",,,
"66, ""000211"," ""知プラe科目　大学教育を考える """," ""吉田　博[Hiroshi YOSHIDA]"""," ""後期"""," ""集中"""," ""1～""", ,,,
"67, ""000212"," ""知プラe科目　現代科学と研究倫理 """," ""金西　計英[Kazuhide KANENISHI]"""," ""後期"""," ""集中"""," ""1～""", ,,,
"68, ""000213"," ""知プラe科目　文化心理学入門 """," ""金西　計英[Kazuhide KANENISHI]"""," ""後期"""," ""集中"""," ""1～""", ,,,
"69, ""000214"," ""機能性食品と健康 """," ""米倉　リナ[Yonekura Lina ]"""," ""4Q"""," ""金2"""," ""1～""", ,,,
"70, ""000215"," ""こころとからだの科学 """," ""鎌野　寛[Kamano Hiroshi]"""," ""4Q"""," ""金2"""," ""1～""", ,,,
"71, ""000216"," ""筋肉の科学 """," ""石川　雄一[ISHIKAWA Yuichi]"""," ""3Q"""," ""金2"""," ""1～""", ,,,
"72, ""000217"," ""心の健康と援助　-臨床心理学の観点から- Ｂ """," ""竹森　元彦", 橋本　忠行[Takemori Motohiko," Hashimoto Tadayuki ]"""," ""4Q"""," ""月5""",,,
"73, ""000301"," ""ITサービス概論（基礎） """," ""沼田　秀穂[Hideho NUMATA]"""," ""3Q"""," ""火2"""," ""1～""", ,,,
"74, ""000302"," ""ITサービス概論（応用） """," ""沼田　秀穂[Hideho NUMATA]"""," ""4Q"""," ""火2"""," ""1～""", ,,,
"75, ""000303"," ""情報数学の基礎 """," ""堀川　洋[Horikawa Yo]"""," ""4Q"""," ""木4"""," ""1～""", ,,,
"76, ""000304"," ""エクセルによる基本統計解析 """," ""堀川　洋[Horikawa Yo]"""," ""4Q"""," ""木5"""," ""1～""", ,,,
"77, ""000305"," ""身近な製品の仕組みとものづくりの基礎 """," ""松田　伸也[Shinya MATSUDA]"""," ""1Q"""," ""木5"""," ""1～""", ,,,
"78, ""000306"," ""ヒューマンコミュニケーション """," ""山田　貴志[YAMADA Takashi]"""," ""2Q"""," ""金2"""," ""1～""", ,,,
"79, ""000307"," ""ものの科学 """," ""松本　洋明", 鶴町　徳昭[Hiroaki Matsumoto," Tsurumachi Noriaki]"""," ""4Q"""," ""木5""",,,
"80, ""000308"," ""知プラe科目　コンピュータと教育　その１ """," ""林　敏浩[Hayashi Toshihiro]"""," ""1Q"""," ""集中"""," ""1～""", ,,,
"81, ""000309"," ""知プラe科目　コンピュータと教育　その２ """," ""林　敏浩[Hayashi Toshihiro]"""," ""2Q"""," ""集中"""," ""1～""", ,,,
"82, ""000310"," ""知プラe科目　高度情報化社会の歩き方 """," ""後藤田　中", 藤本　憲市[Gotoda Naka," Kenichi FUJIMOTO]"""," ""3Q"""," ""集中""",,,
"83, ""000311"," ""知プラe科目　地域コンテンツと知財管理　その１ """," ""林　敏浩", 藤本　憲市, 村井　礼[Hayashi Toshihiro, Kenichi FUJIMOTO," Hiroshi MURAI]""",,,
"84, ""000312"," ""知プラe科目　地域コンテンツと知財管理　その２ """," ""林　敏浩", 藤本　憲市, 村井　礼[Hayashi Toshihiro, Kenichi FUJIMOTO," Hiroshi MURAI]""",,,
"85, ""000313"," ""知プラe科目　飛行機はなぜ飛ぶのか """," ""岩本　幸治[Yukiharu IWAMOTO]"""," ""後期"""," ""集中"""," ""1～""", ,,,
"86, ""000314"," ""知プラe科目　身の回りの放射線 """," ""岡野　聡[Satoshi OKANO]"""," ""後期"""," ""集中"""," ""1～""", ,,,
"87, ""000315"," ""植物のバイオセンシング　-作物の収量増大～水資源の有効利用- """," ""下川  房男[Shimokawa Fusao]"""," ""2Q"""," ""火2"""," ""1～""", ,,,
"88, ""000316"," ""地方都市と交通　-自動運転技術の役割- """," ""堤　成可[Shigeyoshi Tsutsumi]"""," ""2Q"""," ""金2"""," ""1～""", ,,,
"89, ""000401"," ""身の回りの環境問題A """," ""古川　尚幸[Furukawa Naoyuki]"""," ""1Q"""," ""木1"""," ""1～""", ,,,
"90, ""000402"," ""身の回りの環境問題B """," ""古川　尚幸[Furukawa Naoyuki]"""," ""2Q"""," ""木1"""," ""1～""", ,,,
"91, ""000403"," ""毒の科学 """," ""川村　理[Kawamura Osamu]"""," ""4Q"""," ""金2"""," ""1～""", ,,,
"92, ""000404"," ""植物の病気：自然淘汰のメカニズムとして """," ""秋光　和也[Akimitsu Kazuya]"""," ""4Q"""," ""月1"""," ""1～""", ,,,
"93, ""000405"," ""農業と植物科学 """," ""五味　剣二[Gomi Kenji]"""," ""3Q"""," ""金2"""," ""1～""", ,,,
"94, ""000406"," ""疾病の仕組みを考える """," ""杉山　康憲[Sugiyama Yasunori]"""," ""4Q"""," ""金2"""," ""1～""", ,,,
"95, ""000407"," ""人類と微生物 """," ""田淵　光昭[Tabuchi Mitsuaki]"""," ""3Q"""," ""木5"""," ""1～""", ,,,
"96, ""000408"," ""森林生態学の基礎 """," ""豊田　鮎[Toyota Ayu]"""," ""2Q"""," ""金1"""," ""1～""", ,,,
"97, ""000409"," ""作物の生産と環境 """," ""豊田　正範[Toyota Masanori]"""," ""3Q"""," ""金2"""," ""1～""", ,,,
"98, ""000410"," ""植物バイオテクノロジーの展開 """," ""鳴海　貴子[Narumi Takako]"""," ""2Q"""," ""火1"""," ""1～""", ,,,
"99, ""000411"," ""がんの科学、細胞が現代社会に訴えること """," ""水津　太[Suizu Futoshi]"""," ""4Q"""," ""木5"""," ""1～""", ,,,
"100, ""000412"," ""脳とストレス """," ""三木　崇範", 鈴木　辰吾, 太田　健一[Miki Takanori, Suzuki Shingo," Ohta Kenichi]""",,,
"101, ""000413"," ""細胞膜の生理学 """," ""藤原　祐一郎[Fujiwara Yuichiro]"""," ""4Q"""," ""金2"""," ""1～""", ,,,
"102, ""000414"," ""「ありふれた」病気の脳科学 - その成り立ちと治療への挑戦 """," ""山本　融[Tohru Yamamoto]"""," ""3Q"""," ""木5"""," ""1～""", ,,,
"103, ""000415"," ""医学にかかわる化学 """," ""和田　健司", 中北　愼一, 栗原　亮介[Wada Kenji, Nakakita Shinichi," Kurihara Ryohsuke]""",,,
"104, ""000416"," ""若年層の疾病と健康管理A """," ""横平　政直[Yokohira Masanao]"""," ""1Q"""," ""木5"""," ""1～""", ,,,
"105, ""000417"," ""若年層の疾病と健康管理B """," ""横平　政直[Yokohira Masanao]"""," ""2Q"""," ""木5"""," ""1～""", ,,,
"106, ""000418"," ""情報生物学と疾患遺伝の基礎 """," ""吉田　裕美", 岩間　久和[Yoshida Hiromi," Iwama Hisakazu]"""," ""3Q"""," ""月5""",,,
"107, ""000419"," ""心と体の健康 """," ""塩田　敦子", 谷本　公重[Shiota Atsuko," Tanimoto Kimie]"""," ""4Q"""," ""火2""",,,
"108, ""000420"," ""瀬戸内海の環境と諸課題 """," ""多田　邦尚", 一見　和彦, 石塚　正秀[Tada Kuninao, Ichimi Kazuhiko," Ishizuka Masahide]""",,,
"109, ""000421"," ""瀬戸内海の環境と保全 """," ""多田　邦尚", 山口  一岩, 末永　慶寛, 田中　健二[Tada Kuninao, Yamaguchi Hitomi,,,
"110, ""000422"," ""国際協力論A """," ""尾上　能久"""," ""3Q"""," ""木5"""," ""1～""", ,,,
"111, ""000423"," ""国際協力論B """," ""尾上　能久"""," ""4Q"""," ""木5"""," ""1～""", ,,,
"112, ""000424"," ""知プラe科目　太陽光利用型植物工場における知能的農作物生産 """," ""藤内　直道[Naomichi FUJIUCHI]"""," ""後期"""," ""集中"""," ""1～""", ,,,
"113, ""000425"," ""知プラe科目　タンパク質で生命を斬る """," ""澤崎　達也[Tatsuya SAWASAKI]"""," ""後期"""," ""集中"""," ""1～""", ,,,
"114, ""000426"," ""知プラe科目　気象学入門 """," ""佐々　浩司[Koji SASSA]"""," ""前期"""," ""集中"""," ""1～""", ,,,
"115, ""000427"," ""知プラe科目　昆虫と環境 """," ""小西　和彦[Kazuhiko KONISHI]"""," ""後期"""," ""集中"""," ""1～""", ,,,
"116, ""000428"," ""知プラe科目　人工魚礁の開発と環境保全 """," ""末永　慶寛[Suenaga Yoshihiro]"""," ""2Q"""," ""集中"""," ""1～""", ,,,
"117, ""000429"," ""知プラe科目　知の探訪 """," ""金西　計英[Kazuhide KANENISHI]"""," ""後期"""," ""集中"""," ""1～""", ,,,
"118, ""000430"," ""環境問題を科学の視点で考える """," ""山田　佳裕[Yamada Yoshihiro]"""," ""1Q"""," ""火2"""," ""1～""", ,,,
"119, ""000700"," ""地域と香川大学 ｲ"""," ""岡田　徹太郎", 林　敏浩[Okada Tetsutaro," Hayashi Toshihiro]"""," ""2Q"""," ""集中""",,,
"120, ""000701"," ""地域と香川大学 ﾛ"""," ""岡田　徹太郎", 林　敏浩[Okada Tetsutaro," Hayashi Toshihiro]"""," ""4Q"""," ""集中""",,,
"121, ""000702"," ""防災リテラシー養成講座(災害を知る)A """," ""磯打　千雅子", 野々村　敦子, 山中　稔, 寺尾　徹, 井面　仁志[Chikako ISOUCHI,,,
"122, ""000703"," ""防災リテラシー養成講座(災害を知る)B """," ""磯打　千雅子", 野々村　敦子, 山中　稔, 寺尾　徹, 井面　仁志[Chikako ISOUCHI,,,
"123, ""000704"," ""知プラe科目　四国の歴史と文化　その１　歴史編 """," ""守田　逸人", 林　敏浩, 藤本　憲市[MORITA Hayato, Hayashi Toshihiro," Kenichi FUJIMOTO]""",,,
"124, ""000705"," ""知プラe科目　四国の歴史と文化　その２　文化編 """," ""渡邊　史郎", 林　敏浩, 藤本　憲市[WATANABE Shiro, Hayashi Toshihiro," Kenichi FUJIMOTO]""",,,
"125, ""000706"," ""知プラe科目　四国の地域振興　その１ """," ""林　敏浩", 藤本　憲市[Hayashi Toshihiro," Kenichi FUJIMOTO]"""," ""3Q"""," ""集中""",,,
"126, ""000707"," ""知プラe科目　四国の地域振興　その２ """," ""林　敏浩", 藤本　憲市[Hayashi Toshihiro," Kenichi FUJIMOTO]"""," ""4Q"""," ""集中""",,,
"127, ""000708"," ""知プラe科目　四国の自然環境と防災　その１ """," ""寺尾　徹", 林　敏浩, 藤本　憲市[TERAO Toru, Hayashi Toshihiro," Kenichi FUJIMOTO]""",,,
"128, ""000709"," ""知プラe科目　四国の自然環境と防災　その２ """," ""寺尾　徹", 林　敏浩, 藤本　憲市[TERAO Toru, Hayashi Toshihiro," Kenichi FUJIMOTO]""",,,
"129, ""000710"," ""知プラe科目　香川の文化と歴史 """," ""藤本　憲市", 山田　香織[Kenichi FUJIMOTO," Kaori YAMADA]"""," ""2Q"""," ""集中""",,,
"130, ""000711"," ""知プラe科目　香川を学ぶ　その１ """," ""藤本　憲市", 林　敏浩[Kenichi FUJIMOTO," Hayashi Toshihiro]"""," ""3Q"""," ""集中""",,,
"131, ""000712"," ""知プラe科目　香川を学ぶ　その２ """," ""藤本　憲市", 林　敏浩[Kenichi FUJIMOTO," Hayashi Toshihiro]"""," ""4Q"""," ""集中""",,,
"132, ""000713"," ""知プラe科目　阿波学 """," ""藤原　伸彦", 宮下　晃一, 竹口　幸志[Nobuhiko FUJIHARA, Koichi MIYASHITA," Koji TAKEGUCHI]""",,,
"133, ""000801"," ""防災コンピテンシ－養成講座(災害に備える) """," ""磯打　千雅子", 野々村　敦子, 井面　仁志, 中島  美登子, 黒田　泰弘[Chikako ISOUCHI,,,
"134, ""000802"," ""地域活動 """," ""平　篤志", 青山  夕夏[TAIRA Atsushi," AOYAMA Yuka]"""," ""前期"""," ""火2""",,,
"135, ""000803"," ""キャリアデザインと地域貢献A """," ""原　瑞穂"""," ""前期"""," ""集中"""," ""1～""", ,,,
"136, ""000804"," ""キャリアデザインと地域貢献B """," ""原　瑞穂"""," ""後期"""," ""月5"""," ""1～""", ,,,
"137, ""000805"," ""地域インターンシップ ｲ"""," ""神田　亮", 長尾　敦史, 神田　亮[Ryo KANDA," KANDA Ryo]"""," ""前期""",,,
"138, ""000806"," ""地域インターンシップ ﾛ"""," ""神田　亮"," 長尾　敦史[KANDA Ryo]"""," ""後期"""," ""木1"""," ""1～""",,,
"139, ""000807"," ""地域インターンシップ ﾊ"""," ""神田　亮", 長尾　敦史, 神田　亮[Ryo KANDA," KANDA Ryo]"""," ""前期""",,,
"140, ""000808"," ""地域をデザインする """," ""神田　亮", 長尾　敦史, 神田　亮[Ryo KANDA," KANDA Ryo]"""," ""前期""",,,
"141, ""000809"," ""コミュニティデザイン入門 """," ""長尾　敦史"""," ""前期"""," ""木5"""," ""1～""", ,,,
"142, ""000810"," ""コミュニティデザイン実習 """," ""長尾　敦史"""," ""後期"""," ""木5"""," ""1～""", ,,,
"143, ""000811"," ""瀬戸内国際芸術祭とマイノリティ問題 """," ""小坂　有資"""," ""前期"""," ""金2"""," ""1～""", ,,,
"144, ""000812"," ""瀬戸内地域活性化プロジェクト イ"""," ""原　直行", 長尾　敦史, 神田　亮, 大村　隆史, 神田　亮[Hara Naoyuki,,,
"145, ""000813"," ""瀬戸内地域活性化プロジェクト ロ"""," ""原　直行", 長尾　敦史, 神田　亮, 大村　隆史[Hara Naoyuki," KANDA Ryo]""",,,
"146, ""000814"," ""地域での防犯を考える """," ""大久保　智生", 西本　佳代[OKUBO Tomoo," NISHIMOTO KAYO]"""," ""前期"""," ""火2""",,,
"147, ""000815"," ""里海から地域の暮らしを考える """," ""大村　隆史"""," ""前期"""," ""木1"""," ""1～""", ,,,
"148, ""000901"," ""地域課題発見・解決のための経済分析 """," ""長町　康平[Kohei NAGAMACHI]"""," ""3Q"""," ""火2"""," ""1～""", ,,,
"149, ""000902"," ""知プラe科目　データ利活用とオープンイノベーションで創る未来のまちづくり """," ""米谷　雄介[Yusuke Kometani]"""," ""3Q"""," ""集中"""," ""1～""", ,,,
"150, ""000903"," ""知プラe科目　データサイエンスを活用した防災・危機管理 """," ""野々村　敦子", 金田　義行, 寺尾　徹, 梶谷　義雄[Nonomura Atsuko, Kaneda Yoshiyuki,,,
"151, ""000904"," ""知プラe科目　レジリエントな社会の構築とコンピューターシミュレーション """," ""吉田　秀典", 岡﨑　慎一郎, 宮本　慎宏, 地元　孝輔[Yoshida Hidenori, Okazaki Shinnichiro,,,
"152, ""000905"," ""知プラe科目　災害とデータサイエンス """," ""石塚　正秀", 白木　渡, 磯打　千雅子, 竹之内　健介[Ishizuka Masahide, Shiraki Wataru,,,
"153, ""001101"," ""メディアとなるもの """," ""小坂　有資", 大村　隆史," 柴田　悠基"""," ""1Q"""," ""月5""",,,
"154, ""001102"," ""本との出会いで広がる世界 """," ""蝶　慎一[CHO Shinichi]"""," ""1Q"""," ""金1"""," ""1～""", ,,,
"155, ""001201"," ""やってみる科学 """," ""寺尾　徹", 野村  美加, 高橋　尚志, 鶴町　徳昭, 野々村　敦子,,,
"156, ""001301"," ""越境する学問 イ"""," ""蝶　慎一", 高橋　尚志, 寺尾　徹, 西本　佳代, 野村  美加,,,
"157, ""001302"," ""越境する学問 ロ"""," ""佐藤  慶太", 岡田　徹太郎, 三宅　岳史, 石井　知彦, 舟橋  正浩,,,
"158, ""001303"," ""デザインのすすめ """," ""井藤　隆志", 大場　晴夫, 石塚　昭彦, 釜床　美也子, 南　政宏[Takashi IFUJI,,,
"159, ""001304"," ""教育の“これまで”と“これから”を考える """," ""岡田　涼", 小方　朋子[OKADA Ryo," OGATA Tomoko]"""," ""1Q"""," ""木5""",,,
"160, ""001305"," ""自然科学へのいざない """," ""田中　直孝", 水田　圭祐, 林　敏浩, 和田　健司[Tanaka Naotaka, Hayashi Toshihiro,,,
"161, ""001306"," ""国境を超える看護学～ユニバーサルヘルスカバレッジ """," ""清水　裕子", 芳我　ちより, 西村　亜希子[Shimizu Hiroko, Haga Chiyori," Nishimura Akiko]""",,,
"162, ""001307"," ""近代と科学 """," ""石井　一也[Ishii Kazuya]"""," ""1Q"""," ""月5"""," ""1～""", ,,,
"163, ""001308"," ""世界の言語と文化 """," ""寺尾　徹", 植村　友香子, ウィリー・イアン・デビッド, 佐藤  慶太, 三宅　岳史,,,
"164, ""001309"," ""大学的香川ガイド イ"""," ""守田　逸人", 寺尾　徹, 平　篤志[MORITA Hayato, TERAO Toru," TAIRA Atsushi]""",,,
"165, ""001310"," ""大学的香川ガイド ロ"""," ""守田　逸人", 寺尾　徹, 平　篤志[MORITA Hayato, TERAO Toru," TAIRA Atsushi]""",,,
"166, ""001311"," ""ＳＤＧｓ学入門 """," ""寺尾　徹", 小方　直幸[TERAO Toru," OGATA Naoyuki]"""," ""3Q"""," ""木5""",,,
"167, ""010051"," ""書物との出会い-学問することの喜び イ"""," ""佐藤  慶太", 北林　雅洋, 杉田　貴瑞, 張　暁紅, 山本　陽一,,,
"168, ""010052"," ""書物との出会い-学問することの喜び ロ"""," ""西本　佳代", 安井　行雄, 黒澤　あずさ, 大塚　美菜子, 守田　逸人[NISHIMOTO KAYO,,,
"169, ""010061"," ""自然科学基礎実験 """," ""丸　浩一", 鶴町　徳昭, 高橋　尚志, 寺尾　徹, 山田　佳裕,,,
"170, ""010071"," ""分離する文理と大学 """," ""蝶　慎一[CHO Shinichi]"""," ""後期"""," ""火1"""," ""1～""", ,,,
"171, ""010101"," ""哲学D """," ""佐藤  慶太", 松田　毅, 松田　毅[Sato Keita, MATSUDA Tsuyoshi," MATSUDA Tsuyoshi]""",,,
"172, ""010201"," ""論理学Ａ """," ""三宅　岳史[MIYAKE Takeshi]"""," ""前期"""," ""金2"""," ""1～""", ,,,
"173, ""010301"," ""倫理学C """," ""佐藤  慶太", 鈴木　亮三[Sato Keita," Ryozo SUZUKI]"""," ""後期"""," ""金2""",,,
"174, ""010401"," ""芸術Ａ """," ""岡田　知也", 若井　健司[OKADA Tomoya," WAKAI Kenji]"""," ""前期"""," ""木1""",,,
"175, ""010402"," ""芸術B """," ""柴田　悠基"""," ""後期"""," ""木1"""," ""1～""", ,,,
"176, ""010501"," ""心理学Ｄ """," ""大久保　智生", 岡田　涼[OKUBO Tomoo," OKADA Ryo]"""," ""前期"""," ""金2""",,,
"177, ""010502"," ""心理学F """," ""宮前　淳子", 宮前　義和[MIYAMAE Junko," Miyamae Yoshikazu]"""," ""前期"""," ""金2""",,,
"178, ""010503"," ""心理学H """," ""野口　修司", 坂中　尚哉, 長谷　綾子[Shuji NOGUCHI, Naoya SAKANAKA," Ayako HASE]""",,,
"179, ""010504"," ""心理学I """," ""谷渕　真也", 岡崎　聡[Shinya TANIBUCHI," Okazaki Satoshi]"""," ""後期"""," ""木4""",,,
"180, ""010601"," ""社会学D """," ""岡本　崇宅[Takaya OKAMOTO]"""," ""後期"""," ""火2"""," ""1～""", ,,,
"181, ""010602"," ""社会学Ｅ """," ""西本　佳代", 田村　周一[NISHIMOTO KAYO," Shuichi TAMURA]"""," ""前期"""," ""集中""",,,
"182, ""010603"," ""社会学G """," ""中島  美登子[Nakashima Mitoko]"""," ""前期"""," ""火2"""," ""1～""", ,,,
"183, ""010701"," ""教育学 """," ""毛利　猛[MOURI Takeshi]"""," ""後期"""," ""月1"""," ""1～""", ,,,
"184, ""010801"," ""歴史学A """," ""唐澤　晃一[KARASAWA Koichi]"""," ""前期"""," ""木1"""," ""1～""", ,,,
"185, ""010802"," ""歴史学B """," ""守田　逸人[MORITA Hayato]"""," ""後期"""," ""木4"""," ""1～""", ,,,
"186, ""010803"," ""歴史学Ｅ """," ""唐澤　晃一", 村山　聡[KARASAWA Koichi," MURAYAMA Satoshi]"""," ""前期"""," ""火1""",,,
"187, ""010901"," ""文学C """," ""古橋　紀宏[FURUHASHI Norihiro]"""," ""前期"""," ""木4"""," ""1～""", ,,,
"188, ""020101"," ""言語学 """," ""寺尾　徹", 金子　えつこ[TERAO Toru," Etuko KANEKO]"""," ""後期"""," ""金2""",,,
"189, ""020201"," ""法学Ａ イ"""," ""細谷　越史", 中曽　久雄[Hosotani Etsushi," NAKASO Hisao]"""," ""前期"""," ""火2""",,,
"190, ""020202"," ""法学Ａ ロ"""," ""杉木　志帆[SUGIKI Shiho]"""," ""後期"""," ""木5"""," ""1～""", ,,,
"191, ""020203"," ""法学Ｂ """," ""柴田  潤子[Shibata Junko]"""," ""前期"""," ""金2"""," ""1～""", ,,,
"192, ""020301"," ""政治学Ａ """," ""金　宗郁[Kimu ]"""," ""後期"""," ""木1"""," ""1～""", ,,,
"193, ""020401"," ""経済学Ａ """," ""持田　めぐみ[Mochida Megumi]"""," ""前期"""," ""金2"""," ""1～""", ,,,
"194, ""020501"," ""経営学 """," ""吉澤康代[Yoshizawa Yasuyo]"""," ""後期"""," ""火2"""," ""1～""", ,,,
"195, ""020601"," ""数学Ａ """," ""高野　啓児[TAKANO Keiji]"""," ""前期"""," ""木4"""," ""1～""", ,,,
"196, ""020603"," ""数学Ｃ イ"""," ""末永　慶寛[Suenaga Yoshihiro]"""," ""前期"""," ""木4"""," ""1～""", ,,,
"197, ""020604"," ""数学Ｃ ロ"""," ""藤本　憲市", 武田　健太郎[Kenichi FUJIMOTO," Kentaro Takeda]"""," ""前期"""," ""木4""",,,
"198, ""020605"," ""数学Ｃ ハ"""," ""林　純一郎[Hayashi Junichiro]"""," ""前期"""," ""木4"""," ""1～""", ,,,
"199, ""020606"," ""数学Ｃ ニ"""," ""須崎　嘉文[Suzaki Yoshifumi]"""," ""前期"""," ""木4"""," ""1～""", ,,,
"200, ""020607"," ""数学Ｄ イ"""," ""玉置　哲也[Tetsuya TAMAKI]"""," ""前期"""," ""月1"""," ""1～""", ,,,
"201, ""020608"," ""数学Ｄ ロ"""," ""堀川　洋[Horikawa Yo]"""," ""前期"""," ""金4"""," ""1～""", ,,,
"202, ""020609"," ""数学Ｄ ハ"""," ""髙橋　悟[Takahashi Satoru]"""," ""前期"""," ""月1"""," ""1～""", ,,,
"203, ""020610"," ""数学Ｄ ニ"""," ""舟橋  正浩[Funahashi Masahiro]"""," ""前期"""," ""月1"""," ""1～""", ,,,
"204, ""020611"," ""数学Ｅ """," ""四ッ谷　直仁[YOTSUTANI Naoto]"""," ""前期"""," ""木4"""," ""1～""", ,,,
"205, ""020612"," ""数学Ｆ """," ""宮﨑　隼人[MIYAZAKI Hayato]"""," ""前期"""," ""木4"""," ""1～""", ,,,
"206, ""020701"," ""地学B """," ""寺林　優", 松村　雅文, 寺尾　徹, 石塚　正秀, 山中　稔,,,
"207, ""020702"," ""地学Ｐ """," ""寺尾　徹", 松村　雅文, 寺林　優[TERAO Toru, MATSUMURA Masafumi," Terabayashi Masaru]""",,,
"208, ""020801"," ""物理学Ａ イ"""," ""丸　浩一[Koichi Maru]"""," ""前期"""," ""金1"""," ""1～""", ,,,
"209, ""020802"," ""物理学Ａ ロ"""," ""松本　洋明[Hiroaki Matsumoto]"""," ""前期"""," ""金1"""," ""1～""", ,,,
"210, ""020803"," ""物理学Ａ ハ"""," ""堤　成可[Shigeyoshi Tsutsumi]"""," ""前期"""," ""金1"""," ""1～""", ,,,
"211, ""020804"," ""物理学Ａ ニ"""," ""鈴木　桂輔[Suzuki Keisuke]"""," ""前期"""," ""木1"""," ""1～""", ,,,
"212, ""020805"," ""物理学Ａ ホ"""," ""勝又　暢久", 荒川　雅生[Nobuhisa KATSUMATA," Arakawa Masao]"""," ""後期"""," ""火1""",,,
"213, ""020806"," ""物理学Ｂ イ"""," ""松下　春奈[Matsushita Haruna]"""," ""後期"""," ""木4"""," ""1～""", ,,,
"214, ""020807"," ""物理学Ｂ ロ"""," ""小柴　俊[Koshiba Shun]"""," ""後期"""," ""木4"""," ""1～""", ,,,
"215, ""020808"," ""物理学Ｂ ハ"""," ""石丸　伊知郎[Ishimaru Ichiro]"""," ""後期"""," ""木4"""," ""1～""", ,,,
"216, ""020809"," ""物理学Ｄ """," ""笠　潤平", 高橋　尚志[RYU Jumpei," TAKAHASHI Naoshi]"""," ""前期"""," ""火2""",,,
"217, ""020810"," ""物理学Ｐ イ"""," ""宮川　勇人", 井上　恒, 武田　健太郎[Miyagawa Hayato, Inoue Koh," Kentaro Takeda]""",,,
"218, ""020811"," ""物理学Ｐ ロ"""," ""小野　貴史", 小玉　崇宏[Takafumi ONO," Takahiro KODAMA]"""," ""後期"""," ""火4～5""",,,
"219, ""020901"," ""化学Ａ """," ""上村　忍", 山口  一岩[Shinobu UEMURA," Yamaguchi Hitomi]"""," ""後期"""," ""金1""",,,
"220, ""020902"," ""化学Ｂ イ"""," ""髙田　悟郎", 佐藤　正資[Takata Goro," Sato Masashi]"""," ""前期"""," ""月1""",,,
"221, ""0209021"," ""化学Ｂ イ（農学部必修用）"""," ""髙田　悟郎", 佐藤　正資[Takata Goro," Sato Masashi]"""," ""前期"""," ""月1""",,,
"222, ""020903"," ""化学Ｂ ロ（農学部必修用）"""," ""髙田　悟郎", 佐藤　正資[Takata Goro," Sato Masashi]"""," ""前期"""," ""月1""",,,
"223, ""020904"," ""化学Ｄ """," ""馮　旗[Hyo Ki]"""," ""後期"""," ""木1"""," ""1～""", ,,,
"224, ""020905"," ""化学E """," ""田村　啓敏", 和田　健司, ＫＯＮＧ　ＬＩＮＧＢＩＮＧ, 米倉　リナ[Tamura Hirotoshi, Wada Kenji,,,
"225, ""020906"," ""化学Ｐ """," ""高木　由美子", 小森　博文[TAKAGI Yumiko," KOMORI Hirofumi]"""," ""前期"""," ""火4～5""",,,
"226, ""030101"," ""生物学Ａ """," ""諸隈　正裕", 望岡　亮介, 一見　和彦, 川﨑　淨教, 水田　圭祐[Morokuma Masahiro,,,
"227, ""030102"," ""生物学Ｂ イ"""," ""小林　剛", 奥田　延幸, 櫻庭　春彦, 髙村　武二郎[Kobayashi Tsuyoshi, Okuda Nobuyuki,,,
"228, ""0301021"," ""生物学Ｂ イ（農学部必修用）"""," ""小林　剛", 奥田　延幸, 櫻庭　春彦, 髙村　武二郎[Kobayashi Tsuyoshi, Okuda Nobuyuki,,,
"229, ""030103"," ""生物学Ｂ ロ（農学部必修用）"""," ""小林　剛", 奥田　延幸, 櫻庭　春彦, 髙村　武二郎[Kobayashi Tsuyoshi, Okuda Nobuyuki,,,
"230, ""030104"," ""生物学Ｃ """," ""神鳥　成弘", 中北　愼一, 岩間　久和, 伊藤　日加瑠[Kamitori Shigehiro, Nakakita Shinichi,,,
"231, ""030105"," ""生物学Ｐ """," ""松本　一範", 篠原　渉[MATSUMOTO Kazunori," SHINOHARA Wataru]"""," ""前期"""," ""火4～5""",,,
"232, ""030201"," ""地理学D """," ""原　真志[Hara Shinji]"""," ""前期"""," ""火5"""," ""1～""", ,,,
"233, ""030301"," ""統計学Ａ """," ""姚  峰[Yao Feng]"""," ""後期"""," ""金2"""," ""1～""", ,,,
"234, ""030401"," ""情報科学 """," ""林　敏浩", 藤本　憲市[Hayashi Toshihiro," Kenichi FUJIMOTO]"""," ""後期"""," ""集中""",,,
"235, ""030501"," ""医学 """," ""三宅　啓介[Miyake Keisuke]"""," ""後期"""," ""金1"""," ""1～""", ,,,
"236, ""030601"," ""看護学 """," ""金正　貴美", 前川　泰子, 山本　美輪, 川田　紀美子[Kinsho Takami, Maekawa Yasuko,,,
"237, ""041101"," ""Communicative English Ⅰ L(1)"""," ""ウィリアムズ　厚子"," ジョナサン　ベリー　[Jonathan Berry]"""," ""前期"""," ""金4"""," ""1～""",,,
"238, ""041102"," ""Communicative English Ⅰ L(2)"""," ""ウィリアムズ　厚子"," 篠原　範子[Shinohara Noriko]"""," ""前期"""," ""金4"""," ""1～""",,,
"239, ""041103"," ""Communicative English Ⅰ L(3)"""," ""ウィリアムズ　厚子"," 瀬良  和彦[Sera Kazuhiko]"""," ""前期"""," ""金4"""," ""1～""",,,
"240, ""041104"," ""Communicative English Ⅰ L(4)"""," ""ウィリアムズ　厚子"," 森川　光与[Mitsuyo MORIKAWA]"""," ""前期"""," ""金4"""," ""1～""",,,
"241, ""041105"," ""Communicative English Ⅰ L(5)"""," ""ウィリアムズ　厚子"," ヒル　スティーブ[HILL STEPHEN MICHAEL RICHARD]"""," ""前期"""," ""金4"""," ""1～""",,,
"242, ""041106"," ""Communicative English Ⅰ L(6)"""," ""パーキンス　ガレス　エドワード"""," ""前期"""," ""金4"""," ""1～""", ,,,
"243, ""041107"," ""Communicative English Ⅰ L(7)"""," ""マクラハン・ジェラディーン[McCrohan Gerardine]"""," ""前期"""," ""金4"""," ""1～""", ,,,
"244, ""041108"," ""Communicative English Ⅰ L(8)"""," ""ウィリアムズ　厚子"""," ""前期"""," ""金4"""," ""1～""", ,,,
"245, ""041110"," ""Communicative English Ⅰ JE(1)"""," ""ウィリアムズ　厚子"," 篠原　範子[Shinohara Noriko]"""," ""前期"""," ""水2"""," ""1～""",,,
"246, ""041111"," ""Communicative English Ⅰ JE(2)"""," ""ウィリアムズ　厚子"," アダム・ブロッド[ADAM Brod]"""," ""前期"""," ""水2"""," ""1～""",,,
"247, ""041112"," ""Communicative English Ⅰ JE(3)"""," ""ウィリアムズ　厚子"," 森川　光与[Mitsuyo MORIKAWA]"""," ""前期"""," ""水2"""," ""1～""",,,
"248, ""041113"," ""Communicative English Ⅰ JE(4)"""," ""ウィリアムズ　厚子"," ヒル　スティーブ[HILL STEPHEN MICHAEL RICHARD]"""," ""前期"""," ""水2"""," ""1～""",,,
"249, ""041114"," ""Communicative English Ⅰ JE(5)"""," ""ウィリアムズ　厚子"," 竹中  千鶴[Chizuru TAKENAKA]"""," ""前期"""," ""水2"""," ""1～""",,,
"250, ""041115"," ""Communicative English Ⅰ JE(6)"""," ""ウィリアムズ　厚子"," 中島　友愛[Tomoe NAKAJIMA]"""," ""前期"""," ""水2"""," ""1～""",,,
"251, ""041116"," ""Communicative English Ⅰ JE(7)"""," ""辻　梨花[TSUJI Rika]"""," ""前期"""," ""水2"""," ""1～""", ,,,
"252, ""041117"," ""Communicative English Ⅰ JE(8)"""," ""パーキンス　ガレス　エドワード"""," ""前期"""," ""水2"""," ""1～""", ,,,
"253, ""041118"," ""Communicative English Ⅰ JE(9)"""," ""中井　富紀"""," ""前期"""," ""水2"""," ""1～""", ,,,
"254, ""041119"," ""Communicative English Ⅰ JE(10)"""," ""ビラ　ダビッド[Billa David]"""," ""前期"""," ""水2"""," ""1～""", ,,,
"255, ""041120"," ""Communicative English Ⅰ JE(11)"""," ""ウィリー・イアン・デビッド[Willey Ian David]"""," ""前期"""," ""水2"""," ""1～""", ,,,
"256, ""041121"," ""Communicative English Ⅰ JE(12)"""," ""ウィリアムズ　厚子"""," ""前期"""," ""水2"""," ""1～""", ,,,
"257, ""041122"," ""Communicative English Ⅰ JE(13)"""," ""ウィリアムズ　厚子"," 中島　友愛[Tomoe NAKAJIMA]"""," ""前期"""," ""木2"""," ""1～""",,,
"258, ""041123"," ""Communicative English Ⅰ JE(14)"""," ""ウィリアムズ　厚子"," 瀬良  和彦[Sera Kazuhiko]"""," ""前期"""," ""木2"""," ""1～""",,,
"259, ""041124"," ""Communicative English Ⅰ JE(15)"""," ""ウィリアムズ　厚子"," 竹中  千鶴[Chizuru TAKENAKA]"""," ""前期"""," ""木2"""," ""1～""",,,
"260, ""041125"," ""Communicative English Ⅰ JE(16)"""," ""ウィリアムズ　厚子"," 鳥越  洋子[Yohko TORIGOE]"""," ""前期"""," ""木2"""," ""1～""",,,
"261, ""041126"," ""Communicative English Ⅰ JE(17)"""," ""ウィリアムズ　厚子"," 柏原  智美[Tomomi KASHIHARA]"""," ""前期"""," ""木2"""," ""1～""",,,
"262, ""041127"," ""Communicative English Ⅰ JE(18)"""," ""ウィリー・イアン・デビッド[Willey Ian David]"""," ""前期"""," ""木2"""," ""1～""", ,,,
"263, ""041129"," ""Communicative English Ⅰ T(1)"""," ""ウィリアムズ　厚子"," 柏原  智美[Tomomi KASHIHARA]"""," ""前期"""," ""月2"""," ""1～""",,,
"264, ""041130"," ""Communicative English Ⅰ T(2)"""," ""ウィリアムズ　厚子"," 田口　明美[Akemi TAGUCHI]"""," ""前期"""," ""月2"""," ""1～""",,,
"265, ""041131"," ""Communicative English Ⅰ T(3)"""," ""ウィリアムズ　厚子"," カリコ　ラファエル　ケアロハ[ＫＡＬＩＫＯ，ＲＡＰＨＡＥＬ　ＫＥＡＬＯＨＡ]"""," ""前期"""," ""月2"""," ""1～""",,,
"266, ""041132"," ""Communicative English Ⅰ T(4)"""," ""ウィリアムズ　厚子"," ガルシア　フェルナンデス　マリア　グデリア[Garcia Fernandez Maria Gudelia]"""," ""前期"""," ""月2"""," ""1～""",,,
"267, ""041133"," ""Communicative English Ⅰ T(5)"""," ""中住　幸治[NAKAZUMI Yukiharu]"""," ""前期"""," ""月2"""," ""1～""", ,,,
"268, ""041134"," ""Communicative English Ⅰ T(6)"""," ""永尾　智[NAGAO Satoshi]"""," ""前期"""," ""月2"""," ""1～""", ,,,
"269, ""041135"," ""Communicative English Ⅰ T(7)"""," ""杉田　貴瑞[SUGITA Takayoshi]"""," ""前期"""," ""月2"""," ""1～""", ,,,
"270, ""041136"," ""Communicative English Ⅰ T(8)"""," ""パーキンス　ガレス　エドワード"""," ""前期"""," ""月2"""," ""1～""", ,,,
"271, ""041137"," ""Communicative English Ⅰ T(9)"""," ""ビラ　ダビッド[Billa David]"""," ""前期"""," ""月2"""," ""1～""", ,,,
"272, ""041138"," ""Communicative English Ⅰ T(10)"""," ""中井　富紀"""," ""前期"""," ""月2"""," ""1～""", ,,,
"273, ""041139"," ""Communicative English Ⅰ T(11)"""," ""マクラハン・ジェラディーン[McCrohan Gerardine]"""," ""前期"""," ""月2"""," ""1～""", ,,,
"274, ""041140"," ""Communicative English Ⅰ A(1)"""," ""ウィリアムズ　厚子"," 鳥越  洋子[Yohko TORIGOE]"""," ""前期"""," ""木3"""," ""1～""",,,
"275, ""041141"," ""Communicative English Ⅰ A(2)"""," ""ウィリアムズ　厚子"," 中島　友愛[Tomoe NAKAJIMA]"""," ""前期"""," ""木3"""," ""1～""",,,
"276, ""041142"," ""Communicative English Ⅰ A(3)"""," ""ウィリアムズ　厚子"," 柏原  智美[Tomomi KASHIHARA]"""," ""前期"""," ""木3"""," ""1～""",,,
"277, ""041143"," ""Communicative English Ⅰ A(4)"""," ""ウィリアムズ　厚子"," 竹中  千鶴[Chizuru TAKENAKA]"""," ""前期"""," ""木3"""," ""1～""",,,
"278, ""041144"," ""Communicative English Ⅰ A(5)"""," ""ウィリアムズ　厚子"," 瀬良  和彦[Sera Kazuhiko]"""," ""前期"""," ""木3"""," ""1～""",,,
"279, ""041145"," ""Communicative English Ⅰ A(6)"""," ""マクラハン・ジェラディーン[McCrohan Gerardine]"""," ""前期"""," ""木3"""," ""1～""", ,,,
"280, ""041146"," ""Communicative English Ⅰ A(7)"""," ""長井　克己[Nagai Katsumi]"""," ""前期"""," ""木3"""," ""1～""", ,,,
"281, ""041148"," ""Communicative English Ⅰ M(1)"""," ""ビラ　ダビッド[Billa David]"""," ""前期"""," ""木3"""," ""1～""", ,,,
"282, ""041149"," ""Communicative English Ⅰ M(2)"""," ""パーキンス　ガレス　エドワード"""," ""前期"""," ""木3"""," ""1～""", ,,,
"283, ""041150"," ""Communicative English Ⅰ M(3)"""," ""中井　富紀"""," ""前期"""," ""木3"""," ""1～""", ,,,
"284, ""041151"," ""Communicative English Ⅰ M(4)"""," ""ウィリアムズ　厚子"," 篠原　範子[Shinohara Noriko]"""," ""前期"""," ""木3"""," ""1～""",,,
"285, ""041152"," ""Communicative English Ⅰ NP(1)"""," ""ビラ　ダビッド[Billa David]"""," ""前期"""," ""木2"""," ""1～""", ,,,
"286, ""041153"," ""Communicative English Ⅰ NP(2)"""," ""中井　富紀"""," ""前期"""," ""木2"""," ""1～""", ,,,
"287, ""041154"," ""Communicative English Ⅰ NP(3)"""," ""ウィリアムズ　厚子"," 篠原　範子[Shinohara Noriko]"""," ""前期"""," ""木2"""," ""1～""",,,
"288, ""041155"," ""Communicative English Ⅰ T(12)"""," ""ウィリー・イアン・デビッド[Willey Ian David]"""," ""前期"""," ""月2"""," ""1～""", ,,,
"289, ""041156"," ""Communicative English Ⅰ T(13)"""," ""ウィリアムズ　厚子"""," ""前期"""," ""月2"""," ""1～""", ,,,
"290, ""041157"," ""Communicative English Ⅰ NP(4)"""," ""パーキンス　ガレス　エドワード"""," ""前期"""," ""木2"""," ""1～""", ,,,
"291, ""041201"," ""Communicative English Ⅱ L(1)"""," ""パーキンス　ガレス　エドワード"""," ""後期"""," ""金4"""," ""1～""", ,,,
"292, ""041202"," ""Communicative English Ⅱ L(2)"""," ""ビラ　ダビッド[Billa David]"""," ""後期"""," ""金4"""," ""1～""", ,,,
"293, ""041203"," ""Communicative English Ⅱ L(3)"""," ""長井　克己", ヒル　スティーブ[Nagai Katsumi," HILL STEPHEN MICHAEL RICHARD]"""," ""後期"""," ""金4""",,,
"294, ""041204"," ""Communicative English Ⅱ L(4)"""," ""長井　克己", ジョナサン　ベリー　[Nagai Katsumi," Jonathan Berry]"""," ""後期"""," ""金4""",,,
"295, ""041205"," ""Communicative English Ⅱ L(5)"""," ""長井　克己", 森川　光与[Nagai Katsumi," Mitsuyo MORIKAWA]"""," ""後期"""," ""金4""",,,
"296, ""041206"," ""Communicative English Ⅱ L(6)"""," ""長井　克己", 瀬良  和彦[Nagai Katsumi," Sera Kazuhiko]"""," ""後期"""," ""金4""",,,
"297, ""041207"," ""Communicative English Ⅱ L(7)"""," ""長井　克己", 篠原　範子[Nagai Katsumi," Shinohara Noriko]"""," ""後期"""," ""金4""",,,
"298, ""041208"," ""Communicative English Ⅱ L(8)"""," ""辻　梨花[TSUJI Rika]"""," ""後期"""," ""金4"""," ""1～""", ,,,
"299, ""041210"," ""Communicative English Ⅱ JE(1)"""," ""長井　克己", ガルシア　フェルナンデス　マリア　グデリア[Nagai Katsumi," Garcia Fernandez Maria Gudelia]"""," ""後期"""," ""水2""",,,
"300, ""041211"," ""Communicative English Ⅱ JE(2)"""," ""長井　克己", アダム・ブロッド[Nagai Katsumi," ADAM Brod]"""," ""後期"""," ""水2""",,,
"301, ""041212"," ""Communicative English Ⅱ JE(3)"""," ""長井　克己", ヒル　スティーブ[Nagai Katsumi," HILL STEPHEN MICHAEL RICHARD]"""," ""後期"""," ""水2""",,,
"302, ""041213"," ""Communicative English Ⅱ JE(4)"""," ""ビラ　ダビッド[Billa David]"""," ""後期"""," ""水2"""," ""1～""", ,,,
"303, ""041214"," ""Communicative English Ⅱ JE(5)"""," ""パーキンス　ガレス　エドワード"""," ""後期"""," ""水2"""," ""1～""", ,,,
"304, ""041215"," ""Communicative English Ⅱ JE(6)"""," ""長井　克己", 森川　光与[Nagai Katsumi," Mitsuyo MORIKAWA]"""," ""後期"""," ""水2""",,,
"305, ""041216"," ""Communicative English Ⅱ JE(7)"""," ""長井　克己", 中島　友愛[Nagai Katsumi," Tomoe NAKAJIMA]"""," ""後期"""," ""水2""",,,
"306, ""041217"," ""Communicative English Ⅱ JE(8)"""," ""長井　克己", 竹中  千鶴[Nagai Katsumi," Chizuru TAKENAKA]"""," ""後期"""," ""水2""",,,
"307, ""041218"," ""Communicative English Ⅱ JE(9)"""," ""中井　富紀"""," ""後期"""," ""水2"""," ""1～""", ,,,
"308, ""041219"," ""Communicative English Ⅱ JE(10)"""," ""水野　康一[Mizuno Koichi]"""," ""後期"""," ""水2"""," ""1～""", ,,,
"309, ""041220"," ""Communicative English Ⅱ JE(11)"""," ""長井　克己[Nagai Katsumi]"""," ""後期"""," ""水2"""," ""1～""", ,,,
"310, ""041221"," ""Communicative English Ⅱ JE(12)"""," ""ウィリアムズ　厚子"""," ""後期"""," ""水2"""," ""1～""", ,,,
"311, ""041222"," ""Communicative English Ⅱ JE(13)"""," ""ビラ　ダビッド[Billa David]"""," ""後期"""," ""木2"""," ""1～""", ,,,
"312, ""041223"," ""Communicative English Ⅱ JE(14)"""," ""パーキンス　ガレス　エドワード"""," ""後期"""," ""木2"""," ""1～""", ,,,
"313, ""041224"," ""Communicative English Ⅱ JE(15)"""," ""長井　克己", 瀬良  和彦[Nagai Katsumi," Sera Kazuhiko]"""," ""後期"""," ""木2""",,,
"314, ""041225"," ""Communicative English Ⅱ JE(16)"""," ""長井　克己", 篠原　範子[Nagai Katsumi," Shinohara Noriko]"""," ""後期"""," ""木2""",,,
"315, ""041226"," ""Communicative English Ⅱ JE(17)"""," ""長井　克己", 竹中  千鶴[Nagai Katsumi," Chizuru TAKENAKA]"""," ""後期"""," ""木2""",,,
"316, ""041227"," ""Communicative English Ⅱ JE(18)"""," ""ウィリアムズ　厚子"""," ""後期"""," ""木2"""," ""1～""", ,,,
"317, ""041229"," ""Communicative English Ⅱ T(1)"""," ""長井　克己", カリコ　ラファエル　ケアロハ[Nagai Katsumi," ＫＡＬＩＫＯ，ＲＡＰＨＡＥＬ　ＫＥＡＬＯＨＡ]"""," ""後期"""," ""月2""",,,
"318, ""041230"," ""Communicative English Ⅱ T(2)"""," ""ビラ　ダビッド[Billa David]"""," ""後期"""," ""月2"""," ""1～""", ,,,
"319, ""041231"," ""Communicative English Ⅱ T(3)"""," ""ウィリー・イアン・デビッド[Willey Ian David]"""," ""後期"""," ""月2"""," ""1～""", ,,,
"320, ""041232"," ""Communicative English Ⅱ T(4)"""," ""パーキンス　ガレス　エドワード"""," ""後期"""," ""月2"""," ""1～""", ,,,
"321, ""041233"," ""Communicative English Ⅱ T(5)"""," ""長井　克己[Nagai Katsumi]"""," ""後期"""," ""月2"""," ""1～""", ,,,
"322, ""041234"," ""Communicative English Ⅱ T(6)"""," ""長井　克己", 田口　明美[Nagai Katsumi," Akemi TAGUCHI]"""," ""後期"""," ""月2""",,,
"323, ""041235"," ""Communicative English Ⅱ T(7)"""," ""長井　克己", 柏原  智美[Nagai Katsumi," Tomomi KASHIHARA]"""," ""後期"""," ""月2""",,,
"324, ""041236"," ""Communicative English Ⅱ T(8)"""," ""辻　梨花[TSUJI Rika]"""," ""後期"""," ""月2"""," ""1～""", ,,,
"325, ""041237"," ""Communicative English Ⅱ T(9)"""," ""中井　富紀"""," ""後期"""," ""月2"""," ""1～""", ,,,
"326, ""041238"," ""Communicative English Ⅱ T(10)"""," ""ポール・バテン[BATTEN PAUL GERARD]"""," ""後期"""," ""月2"""," ""1～""", ,,,
"327, ""041239"," ""Communicative English Ⅱ T(11)"""," ""中住　幸治[NAKAZUMI Yukiharu]"""," ""後期"""," ""月2"""," ""1～""", ,,,
"328, ""041240"," ""Communicative English Ⅱ A(1)"""," ""ビラ　ダビッド[Billa David]"""," ""後期"""," ""木3"""," ""1～""", ,,,
"329, ""041241"," ""Communicative English Ⅱ A(2)"""," ""長井　克己", 鳥越  洋子[Nagai Katsumi," Yohko TORIGOE]"""," ""後期"""," ""木3""",,,
"330, ""041242"," ""Communicative English Ⅱ A(3)"""," ""長井　克己", 瀬良  和彦[Nagai Katsumi," Sera Kazuhiko]"""," ""後期"""," ""木3""",,,
"331, ""041243"," ""Communicative English Ⅱ A(4)"""," ""長井　克己", 中島　友愛[Nagai Katsumi," Tomoe NAKAJIMA]"""," ""後期"""," ""木3""",,,
"332, ""041244"," ""Communicative English Ⅱ A(5)"""," ""長井　克己", 篠原　範子[Nagai Katsumi," Shinohara Noriko]"""," ""後期"""," ""木3""",,,
"333, ""041245"," ""Communicative English Ⅱ A(6)"""," ""長井　克己", 竹中  千鶴[Nagai Katsumi," Chizuru TAKENAKA]"""," ""後期"""," ""木3""",,,
"334, ""041246"," ""Communicative English Ⅱ A(7)"""," ""長井　克己", 柏原  智美[Nagai Katsumi," Tomomi KASHIHARA]"""," ""後期"""," ""木3""",,,
"335, ""041248"," ""Communicative English Ⅱ M(1)"""," ""パーキンス　ガレス　エドワード"""," ""後期"""," ""木3"""," ""1～""", ,,,
"336, ""041249"," ""Communicative English Ⅱ M(2)"""," ""中井　富紀"""," ""後期"""," ""木3"""," ""1～""", ,,,
"337, ""041250"," ""Communicative English Ⅱ M(3)"""," ""水野　康一[Mizuno Koichi]"""," ""後期"""," ""木3"""," ""1～""", ,,,
"338, ""041252"," ""Communicative English Ⅱ NP(1)"""," ""中井　富紀"""," ""後期"""," ""木2"""," ""1～""", ,,,
"339, ""041253"," ""Communicative English Ⅱ NP(2)"""," ""長井　克己", 中島　友愛[Nagai Katsumi," Tomoe NAKAJIMA]"""," ""後期"""," ""木2""",,,
"340, ""041254"," ""Communicative English Ⅱ NP(3)"""," ""長井　克己", 柏原  智美[Nagai Katsumi," Tomomi KASHIHARA]"""," ""後期"""," ""木2""",,,
"341, ""041255"," ""Communicative English Ⅱ T(12)"""," ""杉田　貴瑞[SUGITA Takayoshi]"""," ""後期"""," ""月2"""," ""1～""", ,,,
"342, ""041256"," ""Communicative English Ⅱ T(13)"""," ""永尾　智[NAGAO Satoshi]"""," ""後期"""," ""月2"""," ""1～""", ,,,
"343, ""041257"," ""Communicative English Ⅱ NP(4)"""," ""長井　克己", 鳥越  洋子[Nagai Katsumi," Yohko TORIGOE]"""," ""後期"""," ""木2""",,,
"344, ""041258"," ""Communicative English Ⅱ Z(1)"""," ""水野　康一[Mizuno Koichi]"""," ""前期"""," ""月5"""," ""1～""", ,,,
"345, ""041259"," ""Communicative English Ⅱ Z(2)"""," ""水野　康一[Mizuno Koichi]"""," ""前期"""," ""金5"""," ""1～""", ,,,
"346, ""041301"," ""Communicative English Ⅲ LJ(1)"""," ""ポール・バテン[BATTEN PAUL GERARD]"""," ""前期"""," ""水1"""," ""2～""", ,,,
"347, ""041302"," ""Communicative English Ⅲ LJ(2)"""," ""マクラハン・ジェラディーン", ニコラス　ダニエル　フライ[McCrohan Gerardine," NICHOLAS　DANIEL FRY　]"""," ""前期"""," ""水1""",,,
"348, ""041303"," ""Communicative English Ⅲ LJ(3)"""," ""マクラハン・ジェラディーン", ジョナサン　ベリー　[McCrohan Gerardine," Jonathan Berry]"""," ""前期"""," ""水1""",,,
"349, ""041304"," ""Communicative English Ⅲ LJ(4)"""," ""ビラ　ダビッド[Billa David]"""," ""前期"""," ""水1"""," ""2～""", ,,,
"350, ""041305"," ""Communicative English Ⅲ LJ(5)"""," ""パーキンス　ガレス　エドワード"""," ""前期"""," ""水1"""," ""2～""", ,,,
"351, ""041306"," ""Communicative English Ⅲ LJ(6)"""," ""マクラハン・ジェラディーン", ヒル　スティーブ[McCrohan Gerardine," HILL STEPHEN MICHAEL RICHARD]"""," ""前期"""," ""水1""",,,
"352, ""041307"," ""Communicative English Ⅲ LJ(7)"""," ""マクラハン・ジェラディーン", アダム・ブロッド[McCrohan Gerardine," ADAM Brod]"""," ""前期"""," ""水1""",,,
"353, ""041308"," ""Communicative English Ⅲ LJ(8)"""," ""マクラハン・ジェラディーン", 竹中  千鶴[McCrohan Gerardine," Chizuru TAKENAKA]"""," ""前期"""," ""水1""",,,
"354, ""041309"," ""Communicative English Ⅲ LJ(9)"""," ""杉田　貴瑞[SUGITA Takayoshi]"""," ""前期"""," ""水1"""," ""2～""", ,,,
"355, ""041310"," ""Communicative English Ⅲ LJ(10)"""," ""中住　幸治[NAKAZUMI Yukiharu]"""," ""前期"""," ""水1"""," ""2～""", ,,,
"356, ""041311"," ""Communicative English Ⅲ LJ(11)"""," ""永尾　智[NAGAO Satoshi]"""," ""前期"""," ""水1"""," ""2～""", ,,,
"357, ""041312"," ""Communicative English Ⅲ LJ(12) """," ""中井　富紀"""," ""前期"""," ""水1"""," ""2～""", ,,,
"358, ""041313"," ""Communicative English Ⅲ ED(1)"""," ""マクラハン・ジェラディーン", ヒル　スティーブ[McCrohan Gerardine," HILL STEPHEN MICHAEL RICHARD]"""," ""前期"""," ""金5""",,,
"359, ""041314"," ""Communicative English Ⅲ ED(2)"""," ""マクラハン・ジェラディーン", ジョナサン　ベリー　[McCrohan Gerardine," Jonathan Berry]"""," ""前期"""," ""金5""",,,
"360, ""041315"," ""Communicative English Ⅲ ED(3)"""," ""マクラハン・ジェラディーン", アダム・ブロッド[McCrohan Gerardine," ADAM Brod]"""," ""前期"""," ""金5""",,,
"361, ""041316"," ""Communicative English Ⅲ ED(4)"""," ""パーキンス　ガレス　エドワード"""," ""前期"""," ""金5"""," ""2～""", ,,,
"362, ""041317"," ""Communicative English Ⅲ ED(5)"""," ""ウィリアムズ　厚子"""," ""前期"""," ""金5"""," ""2～""", ,,,
"363, ""041318"," ""Communicative English Ⅲ ED(6)"""," ""ウィリー・イアン・デビッド[Willey Ian David]"""," ""前期"""," ""金5"""," ""2～""", ,,,
"364, ""041319"," ""Communicative English Ⅲ ED(7)"""," ""マクラハン・ジェラディーン", 篠原　範子[McCrohan Gerardine," Shinohara Noriko]"""," ""前期"""," ""金5""",,,
"365, ""041320"," ""Communicative English Ⅲ ED(8)"""," ""マクラハン・ジェラディーン", ジュリアン・セイント, ジュリアン・セイント[McCrohan Gerardine," SAINTE JULIEN P]"""," ""前期""",,,
"366, ""041321"," ""Communicative English Ⅲ ED(9)"""," ""マクラハン・ジェラディーン", 瀬良  和彦[McCrohan Gerardine," Sera Kazuhiko]"""," ""前期"""," ""金5""",,,
"367, ""041322"," ""Communicative English Ⅲ ED(10)"""," ""マクラハン・ジェラディーン", 森川　光与[McCrohan Gerardine," Mitsuyo MORIKAWA]"""," ""前期"""," ""金5""",,,
"368, ""041323"," ""Communicative English Ⅲ ED(11)"""," ""辻　梨花[TSUJI Rika]"""," ""前期"""," ""金5"""," ""2～""", ,,,
"369, ""041324"," ""Communicative English Ⅲ T(1)"""," ""マクラハン・ジェラディーン", ガルシア　フェルナンデス　マリア　グデリア[McCrohan Gerardine," Garcia Fernandez Maria Gudelia]"""," ""前期"""," ""金4""",,,
"370, ""041325"," ""Communicative English Ⅲ T(2)"""," ""マクラハン・ジェラディーン", ブロックスホーム・ジェームズ・ダグラス[McCrohan Gerardine," Broxholme James Douglas]"""," ""前期"""," ""金4""",,,
"371, ""041326"," ""Communicative English Ⅲ T(3)"""," ""マクラハン・ジェラディーン"," アーノルド・デビット[McCrohan Gerardine]"""," ""前期"""," ""金4"""," ""2～""",,,
"372, ""041327"," ""Communicative English Ⅲ T(4)"""," ""ビラ　ダビッド[Billa David]"""," ""前期"""," ""金4"""," ""2～""", ,,,
"373, ""041328"," ""Communicative English Ⅲ T(5)"""," ""中井　富紀"""," ""前期"""," ""金4"""," ""2～""", ,,,
"374, ""041329"," ""Communicative English Ⅲ T(6)"""," ""マクラハン・ジェラディーン", 田口　明美[McCrohan Gerardine," Akemi TAGUCHI]"""," ""前期"""," ""金4""",,,
"375, ""041330"," ""Communicative English Ⅲ T(7)"""," ""マクラハン・ジェラディーン", ガルシア　フェルナンデス　マリア　グデリア[McCrohan Gerardine," Garcia Fernandez Maria Gudelia]"""," ""前期"""," ""金5""",,,
"376, ""041331"," ""Communicative English Ⅲ T(8)"""," ""マクラハン・ジェラディーン", ブロックスホーム・ジェームズ・ダグラス[McCrohan Gerardine," Broxholme James Douglas]"""," ""前期"""," ""金5""",,,
"377, ""041332"," ""Communicative English Ⅲ T(9)"""," ""マクラハン・ジェラディーン"," アーノルド・デビット[McCrohan Gerardine]"""," ""前期"""," ""金5"""," ""2～""",,,
"378, ""041333"," ""Communicative English Ⅲ T(10)"""," ""中井　富紀"""," ""前期"""," ""金5"""," ""2～""", ,,,
"379, ""041334"," ""Communicative English Ⅲ T(11)"""," ""ビラ　ダビッド[Billa David]"""," ""前期"""," ""金5"""," ""2～""", ,,,
"380, ""041335"," ""Communicative English Ⅲ T(12)"""," ""マクラハン・ジェラディーン", 田口　明美[McCrohan Gerardine," Akemi TAGUCHI]"""," ""前期"""," ""金5""",,,
"381, ""041336"," ""Communicative English Ⅲ A(1)"""," ""マクラハン・ジェラディーン", ニコラス　ダニエル　フライ[McCrohan Gerardine," NICHOLAS　DANIEL FRY　]"""," ""前期"""," ""木3""",,,
"382, ""041337"," ""Communicative English Ⅲ A(2)"""," ""マクラハン・ジェラディーン", ニコラス　ダニエル　フライ[McCrohan Gerardine," NICHOLAS　DANIEL FRY　]"""," ""前期"""," ""木4""",,,
"383, ""041338"," ""Communicative English Ⅲ A(3)"""," ""マクラハン・ジェラディーン", カリコ　ラファエル　ケアロハ[McCrohan Gerardine," ＫＡＬＩＫＯ，ＲＡＰＨＡＥＬ　ＫＥＡＬＯＨＡ]"""," ""前期"""," ""木3""",,,
"384, ""041339"," ""Communicative English Ⅲ A(4)"""," ""マクラハン・ジェラディーン", カリコ　ラファエル　ケアロハ[McCrohan Gerardine," ＫＡＬＩＫＯ，ＲＡＰＨＡＥＬ　ＫＥＡＬＯＨＡ]"""," ""前期"""," ""木4""",,,
"385, ""041340"," ""Communicative English Ⅲ A(5)"""," ""マクラハン・ジェラディーン", 吉川  友子[McCrohan Gerardine," Tomoko YOSHIKAWA]"""," ""前期"""," ""木3""",,,
"386, ""041341"," ""Communicative English Ⅲ A(6)"""," ""マクラハン・ジェラディーン", 吉川  友子[McCrohan Gerardine," Tomoko YOSHIKAWA]"""," ""前期"""," ""木4""",,,
"387, ""041342"," ""Communicative English Ⅲ ED(12)"""," ""長井　克己[Nagai Katsumi]"""," ""前期"""," ""金5"""," ""2～""", ,,,
"388, ""041344"," ""Communicative English Ⅲ M(1)"""," ""マクラハン・ジェラディーン[McCrohan Gerardine]"""," ""前期"""," ""金1"""," ""2～""", ,,,
"389, ""041345"," ""Communicative English Ⅲ M(2)"""," ""ウィリー・イアン・デビッド[Willey Ian David]"""," ""前期"""," ""金1"""," ""2～""", ,,,
"390, ""041346"," ""Communicative English Ⅲ M(3)"""," ""ウィリアムズ　厚子"""," ""前期"""," ""金1"""," ""2～""", ,,,
"391, ""041347"," ""Communicative English Ⅲ M(4)"""," ""長井　克己[Nagai Katsumi]"""," ""前期"""," ""金1"""," ""2～""", ,,,
"392, ""041348"," ""Communicative English Ⅲ NP(1)"""," ""ビラ　ダビッド[Billa David]"""," ""前期"""," ""金2"""," ""2～""", ,,,
"393, ""041349"," ""Communicative English Ⅲ NP(2)"""," ""パーキンス　ガレス　エドワード"""," ""前期"""," ""金2"""," ""2～""", ,,,
"394, ""041350"," ""Communicative English Ⅲ NP(3)"""," ""中井　富紀"""," ""前期"""," ""金2"""," ""2～""", ,,,
"395, ""041351"," ""Communicative English Ⅲ NP(4)"""," ""マクラハン・ジェラディーン", 吉川  友子[McCrohan Gerardine," Tomoko YOSHIKAWA]"""," ""前期"""," ""金2""",,,
"396, ""041401"," ""Communicative English Ⅳ LJ(1)"""," ""ウィリー・イアン・デビッド", ニコラス　ダニエル　フライ[Willey Ian David," NICHOLAS　DANIEL FRY　]"""," ""後期"""," ""水1""",,,
"397, ""041402"," ""Communicative English Ⅳ LJ(2)"""," ""ウィリー・イアン・デビッド", ジョナサン　ベリー　[Willey Ian David," Jonathan Berry]"""," ""後期"""," ""水1""",,,
"398, ""041403"," ""Communicative English Ⅳ LJ(3)"""," ""ウィリー・イアン・デビッド", アダム・ブロッド[Willey Ian David," ADAM Brod]"""," ""後期"""," ""水1""",,,
"399, ""041404"," ""Communicative English Ⅳ LJ(4)"""," ""ウィリー・イアン・デビッド", ヒル　スティーブ[Willey Ian David," HILL STEPHEN MICHAEL RICHARD]"""," ""後期"""," ""水1""",,,
"400, ""041405"," ""Communicative English Ⅳ LJ(5)"""," ""ポール・バテン[BATTEN PAUL GERARD]"""," ""後期"""," ""水1"""," ""2～""", ,,,
"401, ""041406"," ""Communicative English Ⅳ LJ(6)"""," ""ビラ　ダビッド[Billa David]"""," ""後期"""," ""水1"""," ""2～""", ,,,
"402, ""041407"," ""Communicative English Ⅳ LJ(7)"""," ""パーキンス　ガレス　エドワード"""," ""後期"""," ""水1"""," ""2～""", ,,,
"403, ""041408"," ""Communicative English Ⅳ LJ(8)"""," ""中井　富紀"""," ""後期"""," ""水1"""," ""2～""", ,,,
"404, ""041409"," ""Communicative English Ⅳ LJ(9)"""," ""ウィリー・イアン・デビッド", 竹中  千鶴[Willey Ian David," Chizuru TAKENAKA]"""," ""後期"""," ""水1""",,,
"405, ""041410"," ""Communicative English Ⅳ LJ(10)"""," ""杉田　貴瑞[SUGITA Takayoshi]"""," ""後期"""," ""水1"""," ""2～""", ,,,
"406, ""041411"," ""Communicative English Ⅳ LJ(11)"""," ""中住　幸治[NAKAZUMI Yukiharu]"""," ""後期"""," ""水1"""," ""2～""", ,,,
"407, ""041412"," ""Communicative English Ⅳ LJ(12)"""," ""永尾　智[NAGAO Satoshi]"""," ""後期"""," ""水1"""," ""2～""", ,,,
"408, ""041413"," ""Communicative English Ⅳ ED(1)"""," ""ウィリー・イアン・デビッド", ジョナサン　ベリー　[Willey Ian David," Jonathan Berry]"""," ""後期"""," ""金5""",,,
"409, ""041414"," ""Communicative English Ⅳ ED(2)"""," ""ウィリー・イアン・デビッド", アダム・ブロッド[Willey Ian David," ADAM Brod]"""," ""後期"""," ""金5""",,,
"410, ""041415"," ""Communicative English Ⅳ ED(3)"""," ""ウィリー・イアン・デビッド", ヒル　スティーブ[Willey Ian David," HILL STEPHEN MICHAEL RICHARD]"""," ""後期"""," ""金5""",,,
"411, ""041416"," ""Communicative English Ⅳ ED(4)"""," ""ビラ　ダビッド[Billa David]"""," ""後期"""," ""金5"""," ""2～""", ,,,
"412, ""041417"," ""Communicative English Ⅳ ED(5)"""," ""パーキンス　ガレス　エドワード"""," ""後期"""," ""金5"""," ""2～""", ,,,
"413, ""041418"," ""Communicative English Ⅳ ED(6)"""," ""マクラハン・ジェラディーン[McCrohan Gerardine]"""," ""後期"""," ""金5"""," ""2～""", ,,,
"414, ""041419"," ""Communicative English Ⅳ ED(7)"""," ""ウィリー・イアン・デビッド", 篠原　範子[Willey Ian David," Shinohara Noriko]"""," ""後期"""," ""金5""",,,
"415, ""041420"," ""Communicative English Ⅳ ED(8)"""," ""ウィリー・イアン・デビッド", 森川　光与[Willey Ian David," Mitsuyo MORIKAWA]"""," ""後期"""," ""金5""",,,
"416, ""041421"," ""Communicative English Ⅳ ED(9)"""," ""ウィリー・イアン・デビッド", ジュリアン・セイント, ジュリアン・セイント[Willey Ian David," SAINTE JULIEN P]"""," ""後期""",,,
"417, ""041422"," ""Communicative English Ⅳ ED(10)"""," ""ウィリー・イアン・デビッド", 瀬良  和彦[Willey Ian David," Sera Kazuhiko]"""," ""後期"""," ""金5""",,,
"418, ""041423"," ""Communicative English Ⅳ ED(11)"""," ""辻　梨花[TSUJI Rika]"""," ""後期"""," ""金5"""," ""2～""", ,,,
"419, ""041424"," ""Communicative English Ⅳ T(1)"""," ""ウィリー・イアン・デビッド"," アーノルド・デビット[Willey Ian David]"""," ""後期"""," ""金4"""," ""2～""",,,
"420, ""041425"," ""Communicative English Ⅳ T(2)"""," ""ウィリー・イアン・デビッド", ガルシア　フェルナンデス　マリア　グデリア[Willey Ian David," Garcia Fernandez Maria Gudelia]"""," ""後期"""," ""金4""",,,
"421, ""041426"," ""Communicative English Ⅳ T(3)"""," ""ウィリー・イアン・デビッド", ブロックスホーム・ジェームズ・ダグラス[Willey Ian David," Broxholme James Douglas]"""," ""後期"""," ""金4""",,,
"422, ""041427"," ""Communicative English Ⅳ T(4)"""," ""ウィリアムズ　厚子"""," ""後期"""," ""金4"""," ""2～""", ,,,
"423, ""041428"," ""Communicative English Ⅳ T(5)"""," ""ウィリー・イアン・デビッド", 田口　明美[Willey Ian David," Akemi TAGUCHI]"""," ""後期"""," ""金4""",,,
"424, ""041429"," ""Communicative English Ⅳ T(6)"""," ""中井　富紀"""," ""後期"""," ""金4"""," ""2～""", ,,,
"425, ""041430"," ""Communicative English Ⅳ T(7)"""," ""ウィリー・イアン・デビッド"," アーノルド・デビット[Willey Ian David]"""," ""後期"""," ""金5"""," ""2～""",,,
"426, ""041431"," ""Communicative English Ⅳ T(8)"""," ""ウィリー・イアン・デビッド", ガルシア　フェルナンデス　マリア　グデリア[Willey Ian David," Garcia Fernandez Maria Gudelia]"""," ""後期"""," ""金5""",,,
"427, ""041432"," ""Communicative English Ⅳ T(9)"""," ""ウィリー・イアン・デビッド", ブロックスホーム・ジェームズ・ダグラス[Willey Ian David," Broxholme James Douglas]"""," ""後期"""," ""金5""",,,
"428, ""041433"," ""Communicative English Ⅳ T(10)"""," ""ウィリアムズ　厚子"""," ""後期"""," ""金5"""," ""2～""", ,,,
"429, ""041434"," ""Communicative English Ⅳ T(11)"""," ""ウィリー・イアン・デビッド", 田口　明美[Willey Ian David," Akemi TAGUCHI]"""," ""後期"""," ""金5""",,,
"430, ""041435"," ""Communicative English Ⅳ T(12)"""," ""中井　富紀"""," ""後期"""," ""金5"""," ""2～""", ,,,
"431, ""041436"," ""Communicative English Ⅳ A(1)"""," ""ウィリー・イアン・デビッド", カリコ　ラファエル　ケアロハ[Willey Ian David," ＫＡＬＩＫＯ，ＲＡＰＨＡＥＬ　ＫＥＡＬＯＨＡ]"""," ""後期"""," ""木3""",,,
"432, ""041437"," ""Communicative English Ⅳ A(2)"""," ""ウィリー・イアン・デビッド", カリコ　ラファエル　ケアロハ[Willey Ian David," ＫＡＬＩＫＯ，ＲＡＰＨＡＥＬ　ＫＥＡＬＯＨＡ]"""," ""後期"""," ""木4""",,,
"433, ""041438"," ""Communicative English Ⅳ A(3)"""," ""ウィリー・イアン・デビッド", 吉川  友子[Willey Ian David," Tomoko YOSHIKAWA]"""," ""後期"""," ""木3""",,,
"434, ""041439"," ""Communicative English Ⅳ A(4)"""," ""ウィリー・イアン・デビッド", 吉川  友子[Willey Ian David," Tomoko YOSHIKAWA]"""," ""後期"""," ""木4""",,,
"435, ""041440"," ""Communicative English Ⅳ A(5)"""," ""ウィリー・イアン・デビッド", ニコラス　ダニエル　フライ[Willey Ian David," NICHOLAS　DANIEL FRY　]"""," ""後期"""," ""木3""",,,
"436, ""041441"," ""Communicative English Ⅳ A(6)"""," ""ウィリー・イアン・デビッド", ニコラス　ダニエル　フライ[Willey Ian David," NICHOLAS　DANIEL FRY　]"""," ""後期"""," ""木4""",,,
"437, ""041442"," ""Communicative English Ⅳ ED(12) """," ""水野　康一[Mizuno Koichi]"""," ""後期"""," ""金5"""," ""2～""", ,,,
"438, ""041444"," ""Communicative English Ⅳ NP(1)"""," ""ウィリー・イアン・デビッド[Willey Ian David]"""," ""後期"""," ""金1"""," ""2～""", ,,,
"439, ""041445"," ""Communicative English Ⅳ NP(2)"""," ""ウィリアムズ　厚子"""," ""後期"""," ""金1"""," ""2～""", ,,,
"440, ""041446"," ""Communicative English Ⅳ NP(3)"""," ""ウィリー・イアン・デビッド", 吉川  友子[Willey Ian David," Tomoko YOSHIKAWA]"""," ""後期"""," ""金1""",,,
"441, ""041447"," ""Communicative English Ⅳ NP(4)"""," ""長井　克己[Nagai Katsumi]"""," ""後期"""," ""金1"""," ""2～""", ,,,
"442, ""041501"," ""Intensive EnglishⅠ """," ""辻　梨花", 水野　康一[TSUJI Rika," Mizuno Koichi]"""," ""前期"""," ""月3",,,
"443, ""041502"," ""Intensive EnglishⅡ """," ""マクラハン・ジェラディーン", ウィリー・イアン・デビッド[McCrohan Gerardine," Willey Ian David]"""," ""後期"""," ""月3",,,
"444, ""041601"," ""Academic EnglishⅠ (1)"""," ""ポール・バテン[BATTEN PAUL GERARD]"""," ""前期"""," ""火4"""," ""1～""", ,,,
"445, ""041604"," ""Academic EnglishⅡ (1)"""," ""ウィリー・イアン・デビッド[Willey Ian David]"""," ""後期"""," ""木3"""," ""1～""", ,,,
"446, ""041605"," ""Academic EnglishⅡ (2) """," ""マクラハン・ジェラディーン[McCrohan Gerardine]"""," ""後期"""," ""木3"""," ""1～""", ,,,
"447, ""043101"," ""ドイツ語Ⅰ MT(1)"""," ""最上　英明[Mogami Hideaki]"""," ""前期"""," ""月4","木3"""," ""1～""",,,
"448, ""043102"," ""ドイツ語Ⅰ JA(2)"""," ""最上　英明[Mogami Hideaki]"""," ""前期"""," ""月3","木2"""," ""1～""",,,
"449, ""043103"," ""ドイツ語Ⅰ JE(3)"""," ""ノイマン　フロリアン[Neumann Florian]"""," ""前期"""," ""水2","金4"""," ""1～""",,,
"450, ""043104"," ""ドイツ語Ⅰ JE(4)"""," ""ノイマン　フロリアン", アルベルス　マリウス[Neumann Florian," Mariusu ARUBERUSU]"""," ""前期"""," ""水2",,,
"451, ""043105"," ""ドイツ語Ⅰ JE(5)"""," ""ノイマン　フロリアン[Neumann Florian]"""," ""前期"""," ""月3","木2"""," ""1～""",,,
"452, ""043107"," ""ドイツ語Ⅰ M(7)"""," ""ノイマン　フロリアン", アルベルス　マリウス[Neumann Florian," Mariusu ARUBERUSU]"""," ""前期"""," ""月3",,,
"453, ""043108"," ""ドイツ語Ⅰ M(8)"""," ""ノイマン　フロリアン", 今崎　高秀[Neumann Florian," Takahide IMASAKI]"""," ""前期"""," ""月3",,,
"454, ""043109"," ""ドイツ語Ⅰ M(9)"""," ""ノイマン　フロリアン", 渡部　祐加[Neumann Florian," Yuka WATANABE]"""," ""前期"""," ""月3",,,
"455, ""043201"," ""ドイツ語Ⅱ MT(1)"""," ""最上　英明[Mogami Hideaki]"""," ""後期"""," ""月4","木3"""," ""1～""",,,
"456, ""043202"," ""ドイツ語Ⅱ JA(2)"""," ""最上　英明[Mogami Hideaki]"""," ""後期"""," ""月3","木2"""," ""1～""",,,
"457, ""043203"," ""ドイツ語Ⅱ JE(3)"""," ""ノイマン　フロリアン[Neumann Florian]"""," ""後期"""," ""水2","金4"""," ""1～""",,,
"458, ""043204"," ""ドイツ語Ⅱ JE(4)"""," ""ノイマン　フロリアン", アルベルス　マリウス[Neumann Florian," Mariusu ARUBERUSU]"""," ""後期"""," ""水2",,,
"459, ""043205"," ""ドイツ語Ⅱ JE(5)"""," ""ノイマン　フロリアン[Neumann Florian]"""," ""後期"""," ""月3","木2"""," ""1～""",,,
"460, ""043207"," ""ドイツ語Ⅱ M(7)"""," ""ノイマン　フロリアン", アルベルス　マリウス[Neumann Florian," Mariusu ARUBERUSU]"""," ""後期"""," ""月3",,,
"461, ""043208"," ""ドイツ語Ⅱ M(8)"""," ""ノイマン　フロリアン", 今崎　高秀[Neumann Florian," Takahide IMASAKI]"""," ""後期"""," ""月3",,,
"462, ""043209"," ""ドイツ語Ⅱ M(9)"""," ""ノイマン　フロリアン", 渡部　祐加[Neumann Florian," Yuka WATANABE]"""," ""後期"""," ""月3",,,
"463, ""043301"," ""ドイツ語Ⅲ (1)"""," ""ノイマン　フロリアン", 田淵　昌太[Neumann Florian," Tabuchi Shota]"""," ""前期"""," ""月2""",,,
"464, ""043302"," ""ドイツ語Ⅲ (2)"""," ""ノイマン　フロリアン", 田淵　昌太[Neumann Florian," Tabuchi Shota]"""," ""前期"""," ""木3""",,,
"465, ""043401"," ""ドイツ語会話Ⅲ """," ""ノイマン　フロリアン[Neumann Florian]"""," ""前期"""," ""月1"""," ""2～""", ,,,
"466, ""044101"," ""フランス語Ⅰ (1)"""," ""湯浅　翔馬", ﾓｰﾘｴｰﾙ ﾌﾗﾝｿﾜ, 園部　裕子[YUASA Shoma, Francois MOLIERE," Sonobe Yuko]""",,,
"467, ""044102"," ""フランス語Ⅰ (2)"""," ""園部　裕子", 太田  陽子[Sonobe Yuko," Yohko OHTA]"""," ""前期"""," ""月3",,,
"468, ""044103"," ""フランス語Ⅰ (3)"""," ""湯浅　翔馬", 太田  陽子, 園部　裕子[YUASA Shoma, Yohko OHTA," Sonobe Yuko]""",,,
"469, ""044104"," ""フランス語Ⅰ (4)"""," ""ﾓｰﾘｴｰﾙ ﾌﾗﾝｿﾜ", 園部　裕子[Francois MOLIERE," Sonobe Yuko]"""," ""前期"""," ""月4",,,
"470, ""044201"," ""フランス語Ⅱ (1)"""," ""園部　裕子", 太田  陽子[Sonobe Yuko," Yohko OHTA]"""," ""後期"""," ""月3",,,
"471, ""044202"," ""フランス語Ⅱ (2)"""," ""湯浅　翔馬", 太田  陽子, 園部　裕子[YUASA Shoma, Yohko OHTA," Sonobe Yuko]""",,,
"472, ""044203"," ""フランス語Ⅱ (3)"""," ""ﾓｰﾘｴｰﾙ ﾌﾗﾝｿﾜ", 園部　裕子[Francois MOLIERE," Sonobe Yuko]"""," ""後期"""," ""月3",,,
"473, ""044204"," ""フランス語Ⅱ （4）"""," ""ﾓｰﾘｴｰﾙ ﾌﾗﾝｿﾜ", 湯浅　翔馬, 園部　裕子[Francois MOLIERE, YUASA Shoma," Sonobe Yuko]""",,,
"474, ""044301"," ""フランス語Ⅲ (1)"""," ""園部　裕子[Sonobe Yuko]"""," ""前期"""," ""月2"""," ""2～""", ,,,
"475, ""044302"," ""フランス語Ⅲ (2)"""," ""湯浅　翔馬[YUASA Shoma]"""," ""前期"""," ""月2"""," ""2～""", ,,,
"476, ""044401"," ""フランス語会話Ⅲ (1)"""," ""園部　裕子[Sonobe Yuko]"""," ""前期"""," ""木3"""," ""2～""", ,,,
"477, ""044402"," ""フランス語会話Ⅲ (2)"""," ""湯浅　翔馬[YUASA Shoma]"""," ""前期"""," ""木3"""," ""2～""", ,,,
"478, ""045101"," ""中国語Ⅰ (1) ｲ"""," ""緒方　宏海", 髙橋　明郎, 胡　継民[Ogata Hiromi , Takahashi Akio," Hu Ji-Min]""",,,
"479, ""045102"," ""中国語Ⅰ (1) ﾛ"""," ""胡　継民", 髙橋　明郎[Hu Ji-Min," Takahashi Akio]"""," ""前期"""," ""水2",,,
"480, ""045103"," ""中国語Ⅰ (2) ｲ"""," ""髙橋　明郎", 毛  勇, 劉  暁君[Takahashi Akio, Yu MOH," Gyokun RYU]""",,,
"481, ""045104"," ""中国語Ⅰ (2) ﾛ"""," ""毛  勇", 胡　継民[Yu MOH," Hu Ji-Min]"""," ""前期"""," ""月3",,,
"482, ""045105"," ""中国語Ⅰ (3)Z ｲ"""," ""何  燕萍", 髙橋　明郎, 胡　継民, 緒方　宏海[Enhyoh KA, Takahashi Akio,,,
"483, ""045106"," ""中国語Ⅰ (3) ﾛ"""," ""胡　継民", 髙橋　明郎[Hu Ji-Min," Takahashi Akio]"""," ""前期"""," ""月3",,,
"484, ""045107"," ""中国語Ⅰ (4)Z ｲ"""," ""髙橋　明郎", 胡　継民[Takahashi Akio," Hu Ji-Min]"""," ""前期"""," ""月4",,,
"485, ""045108"," ""中国語Ⅰ (4) ﾛ"""," ""髙橋　明郎", 山西　弘朗, 胡　継民, 緒方　宏海[Takahashi Akio, YAMANISHI Hiroaki,,,
"486, ""045201"," ""中国語Ⅱ (1) ｲ"""," ""張　蕾", 髙橋　明郎[Rei CHO," Takahashi Akio]"""," ""後期"""," ""水2",,,
"487, ""045202"," ""中国語Ⅱ (1) ﾛ"""," ""緒方　宏海", 髙橋　明郎[Ogata Hiromi ," Takahashi Akio]"""," ""後期"""," ""水2",,,
"488, ""045203"," ""中国語Ⅱ (2) ｲ"""," ""髙橋　明郎", 胡　継民[Takahashi Akio," Hu Ji-Min]"""," ""後期"""," ""月3",,,
"489, ""045204"," ""中国語Ⅱ (2) ﾛ"""," ""髙橋　明郎"," 李　九妹[Takahashi Akio]"""," ""後期"""," ""月3","木2""",,,
"490, ""045205"," ""中国語Ⅱ (3)Z ｲ"""," ""髙橋　明郎", 山西　弘朗[Takahashi Akio," YAMANISHI Hiroaki]"""," ""後期"""," ""月4",,,
"491, ""045206"," ""中国語Ⅱ (3) ﾛ"""," ""髙橋　明郎"," 李　九妹[Takahashi Akio]"""," ""後期"""," ""月4","木3""",,,
"492, ""045207"," ""中国語Ⅱ (4)Z ｲ"""," ""胡　継民", 李  佳坤[Hu Ji-Min," Li Jiakun]"""," ""後期"""," ""月3",,,
"493, ""045208"," ""中国語Ⅱ (4)ロ"""," ""髙橋　明郎", 張　蕾, 李  佳坤[Takahashi Akio, Rei CHO," Li Jiakun]""",,,
"494, ""045301"," ""中国語Ⅲa ｲ"""," ""胡　継民[Hu Ji-Min]"""," ""前期"""," ""月2"""," ""2～""", ,,,
"495, ""045302"," ""中国語Ⅲa ﾛ"""," ""胡　継民", 張　蕾[Hu Ji-Min," Rei CHO]"""," ""前期"""," ""月2""",,,
"496, ""045303"," ""中国語Ⅲb ｲ"""," ""緒方　宏海[Ogata Hiromi ]"""," ""前期"""," ""木3"""," ""2～""", ,,,
"497, ""045304"," ""中国語Ⅲb ﾛ"""," ""緒方　宏海", 劉  暁君[Ogata Hiromi ," Gyokun RYU]"""," ""前期"""," ""木3""",,,
"498, ""045305"," ""中国語Ⅲb ﾊ"""," ""緒方　宏海"," 李　九妹[Ogata Hiromi ]"""," ""前期"""," ""木3"""," ""2～""",,,
"499, ""045501"," ""中国語会話Ⅲ """," ""緒方　宏海", 李  佳坤[Ogata Hiromi ," Li Jiakun]"""," ""前期"""," ""月2""",,,
"500, ""045601"," ""中国語速修Ⅰ """," ""胡　継民[Hu Ji-Min]"""," ""2Q"""," ""水3","金4"""," ""1～""",,,
"501, ""045602"," ""中国語速修Ⅱ """," ""胡　継民[Hu Ji-Min]"""," ""後期"""," ""水2","金4"""," ""1～""",,,
"502, ""045603"," ""中国語速修Ⅲ """," ""胡　継民[Hu Ji-Min]"""," ""後期"""," ""月4"""," ""1～""", ,,,
"503, ""045604"," ""中国語上級「聴解」 """," ""胡　継民[Hu Ji-Min]"""," ""前期"""," ""金5"""," ""2～""", ,,,
"504, ""045606"," ""中国語上級「読解」 """," ""髙橋　明郎[Takahashi Akio]"""," ""前期"""," ""月2"""," ""3～""", ,,,
"505, ""045607"," ""中国語応用演習Ⅰ """," ""緒方　宏海[Ogata Hiromi ]"""," ""後期"""," ""木3"""," ""1～""", ,,,
"506, ""045608"," ""中国語応用演習Ⅱ """," ""緒方　宏海[Ogata Hiromi ]"""," ""前期"""," ""火5"""," ""2～""", ,,,
"507, ""045609"," ""中国語応用演習Ⅲ """," ""緒方　宏海[Ogata Hiromi ]"""," ""後期"""," ""火4"""," ""2～""", ,,,
"508, ""045610"," ""中国語上級「写作」 """," ""胡　継民[Hu Ji-Min]"""," ""後期"""," ""金5"""," ""2～""", ,,,
"509, ""046101"," ""韓国語Ⅰ (1)"""," ""宮島  美花", 平  水晶[Miyajima Mika," Sujun TAIRA]"""," ""前期"""," ""月3",,,
"510, ""046102"," ""韓国語Ⅰ (2)"""," ""宮島  美花", 谷﨑　美津子[Miyajima Mika," Mitsuko TANISAKI]"""," ""前期"""," ""月3",,,
"511, ""046103"," ""韓国語Ⅰ (3)"""," ""宮島  美花"," 崔　栄殊[Miyajima Mika]"""," ""前期"""," ""月3","木2""",,,
"512, ""046104"," ""韓国語Ⅰ (4)"""," ""宮島  美花"," 崔　栄殊[Miyajima Mika]"""," ""前期"""," ""月4","木3""",,,
"513, ""046105"," ""韓国語Ⅰ (5)"""," ""宮島  美花[Miyajima Mika]"""," ""前期"""," ""月4","木3"""," ""1～""",,,
"514, ""046106"," ""韓国語Ⅰ (6)"""," ""宮島  美花[Miyajima Mika]"""," ""前期"""," ""水2","金4"""," ""1～""",,,
"515, ""046201"," ""韓国語Ⅱ (1)"""," ""宮島  美花", 谷﨑　美津子[Miyajima Mika," Mitsuko TANISAKI]"""," ""後期"""," ""月3",,,
"516, ""046202"," ""韓国語Ⅱ (2)"""," ""宮島  美花", 平  水晶[Miyajima Mika," Sujun TAIRA]"""," ""後期"""," ""月3",,,
"517, ""046203"," ""韓国語Ⅱ (3)"""," ""宮島  美花[Miyajima Mika]"""," ""後期"""," ""月3","木2"""," ""1～""",,,
"518, ""046204"," ""韓国語Ⅱ (4)"""," ""宮島  美花", 谷﨑　美津子[Miyajima Mika," Mitsuko TANISAKI]"""," ""後期"""," ""月4",,,
"519, ""046205"," ""韓国語Ⅱ (5)"""," ""宮島  美花", 平  水晶[Miyajima Mika," Sujun TAIRA]"""," ""後期"""," ""月4",,,
"520, ""046206"," ""韓国語Ⅱ (6)"""," ""宮島  美花"," 崔　栄殊[Miyajima Mika]"""," ""後期"""," ""水2","金4""",,,
"521, ""046301"," ""韓国語Ⅲ (1)"""," ""宮島  美花", 谷﨑　美津子[Miyajima Mika," Mitsuko TANISAKI]"""," ""前期"""," ""月2""",,,
"522, ""046302"," ""韓国語Ⅲ (2)"""," ""宮島  美花", 谷﨑　美津子[Miyajima Mika," Mitsuko TANISAKI]"""," ""前期"""," ""木3""",,,
"523, ""046401"," ""韓国語会話Ⅲ (1)"""," ""宮島  美花", 平  水晶[Miyajima Mika," Sujun TAIRA]"""," ""前期"""," ""月2""",,,
"524, ""046402"," ""韓国語会話Ⅲ (2)"""," ""宮島  美花", 平  水晶[Miyajima Mika," Sujun TAIRA]"""," ""前期"""," ""木3""",,,
"525, ""050101"," ""医療と法 """," ""平野　美紀[Hirano Miki]"""," ""後期"""," ""金2"""," ""1～""", ,,,
"526, ""050102"," ""海外体験型異文化コミュニケーションⅡ """," ""ロン　リム", 高水　徹[Lrong Lim," Takamizu Toru]"""," ""4Q"""," ""金2""",,,
"527, ""050103"," ""サーバント・リーダー養成入門Ⅱ """," ""早川　茂", 松村　幸江, 早川　茂[Hayakawa Shigeru," Yukie MATSUMURA]"""," ""前期""",,,
"528, ""050104"," ""ヒューマニティーズプログラム課題研究 ｲ"""," ""佐藤  慶太[Sato Keita]"""," ""前期"""," ""集中"""," ""1～""", ,,,
"529, ""050105"," ""ヒューマニティーズプログラム課題研究 ﾛ"""," ""佐藤  慶太[Sato Keita]"""," ""後期"""," ""集中"""," ""1～""", ,,,
"530, ""050106"," ""DRIイノベーター養成プログラム課題研究 """," ""小坂　有資", 石塚　昭彦, 髙橋　亨輔, 藤澤　修平[Akihiko ISHIZUKA, Takahashi Kyosuke,,,
"531, ""050107"," ""知プラe科目　インドネシアの文化と会話 """," ""島上　宗子[Motoko SHIMAGAMI]"""," ""後期"""," ""集中"""," ""1～""", ,,,
"532, ""050108"," ""知プラe科目　海洋地球科学概論 """," ""村山　雅史[Masafumi MURAYAMA]"""," ""前期"""," ""集中"""," ""1～""", ,,,
"533, ""050109"," ""Plastics"," the environment and human society """," ""ロン　リム", 高水　徹[Lrong Lim," Takamizu Toru]"""," ""後期""",,,
"534, ""050201"," ""知プラe科目　大学の知の活用 """," ""井内　健介[Kensuke INAI]"""," ""後期"""," ""集中"""," ""1～""", ,,,
"535, ""050202"," ""知プラe科目　行動統計学入門 """," ""金西　計英[Kazuhide KANENISHI]"""," ""後期"""," ""集中"""," ""1～""", ,,,
"536, ""050203"," ""知プラe科目　自動車概論 """," ""宮下　晃一[Koichi MIYASHITA]"""," ""後期"""," ""集中"""," ""1～""", ,,,
"537, ""050204"," ""知プラe科目　大学生のための『安全・安心』の基礎講座 """," ""伊藤　和貴[Kazutaka ITO]"""," ""後期"""," ""集中"""," ""1～""", ,,,
"538, ""050205"," ""知プラe科目　徳島で暮らす・徳島で働くを考える """," ""金西　計英[Kazuhide KANENISHI]"""," ""前期"""," ""集中"""," ""1～""", ,,,
"539, ""050206"," ""知プラe科目　数理科学の世界 """," ""金西　計英[Kazuhide KANENISHI]"""," ""後期"""," ""集中"""," ""1～""", ,,,
"540, ""050207"," ""知プラe科目　子どもと学校 """," ""竹口　幸志[Koji TAKEGUCHI]"""," ""後期"""," ""集中"""," ""1～""", ,,,
"541, ""050208"," ""知プラe科目　情報社会のくらし """," ""竹口　幸志[Koji TAKEGUCHI]"""," ""後期"""," ""集中"""," ""1～""", ,,,
"542, ""050209"," ""知プラe科目　デジタルものづくり入門 """," ""宮下　晃一[Koichi MIYASHITA]"""," ""前期"""," ""集中"""," ""1～""", ,,,
"543, ""050210"," ""知プラe科目　アカデミック・プレゼンテーション（PowerPoint編） """," ""仲道　雅輝[Masaki NAKAMICHI]"""," ""後期"""," ""集中"""," ""1～""", ,,,
"544, ""050211"," ""知プラe科目　私たちの生活と材料 """," ""小林　千悟[Sengo KOBAYASHI]"""," ""後期"""," ""集中"""," ""1～""", ,,,
"545, ""050212"," ""知プラe科目　和算の世界 """," ""河村　泰之[Yasuyuki KAWAMURA]"""," ""後期"""," ""集中"""," ""1～""", ,,,
"546, ""050213"," ""知プラe科目　研究倫理 """," ""裏　和宏[Kazuhiro URA]"""," ""後期"""," ""集中"""," ""1～""", ,,,
"547, ""050214"," ""知プラe科目　インタフェースデザイン概論 """," ""三好　康夫[Yasuo MIYOSHI]"""," ""後期"""," ""集中"""," ""1～""", ,,,
"548, ""050215"," ""知プラe科目　アクティブラーニング入門 """," ""髙畑　貴志[Takashi TAKABATAKE]"""," ""前期"""," ""集中"""," ""1～""", ,,,
"549, ""050216"," ""知プラe科目　キャリアで活かすITリテラシー """," ""髙畑　貴志[Takashi TAKABATAKE]"""," ""後期"""," ""集中"""," ""1～""", ,,,
"550, ""050217"," ""知プラe科目　業務効率化のためのIT活用入門 """," ""髙畑　貴志[Takashi TAKABATAKE]"""," ""後期"""," ""集中"""," ""1～""", ,,,
"551, ""050218"," ""知プラe科目　NPOと大学の経営 """," ""岩崎　保道[Yasumichi IWASAKI]"""," ""後期"""," ""集中"""," ""1～""", ,,,
"552, ""050219"," ""知プラe科目　ピア・サポート理論と実践 """," ""杉田　郁代[Ikuyo SUGITA]"""," ""後期"""," ""集中"""," ""1～""", ,,,
"553, ""050220"," ""知プラe科目　キャリアプランニング """," ""森田　佐知子[Sachiko MORITA]"""," ""後期"""," ""集中"""," ""1～""", ,,,
"554, ""050221"," ""知プラe科目　徳島を考える """," ""豊田　哲也[Tetsuya TOYODA]"""," ""後期"""," ""集中"""," ""1～""", ,,,
"555, ""050222"," ""知プラe科目　インターンシップ入門 """," ""森田　佐知子[Sachiko MORITA]"""," ""前期"""," ""集中"""," ""1～""", ,,,
"556, ""050223"," ""知プラe科目　消費生活入門 """," ""小島　郷子[Kyoko KOJIMA]"""," ""後期"""," ""集中"""," ""1～""", ,,,
"557, ""050224"," ""知プラe科目　社会科学における確率・統計入門 """," ""福井　昌則[Masanori FUKUI]"""," ""前期"""," ""集中"""," ""1～""", ,,,
"558, ""050408"," ""Study Abroad """," ""滝川　祐子[TAKIGAWA Yuko]"""," ""後期"""," ""火4"""," ""1～""", ,,,
"559, ""050501"," ""ギリシア語初歩Ⅰ """," ""佐藤  慶太[Sato Keita]"""," ""前期"""," ""金3"""," ""1～""", ,,,
"560, ""050502"," ""ギリシア語初歩Ⅱ """," ""佐藤  慶太[Sato Keita]"""," ""後期"""," ""金3"""," ""1～""", ,,,
"561, ""061101"," ""健康・スポーツコミュニケーションⅠ M"""," ""宮本　賢作", 阿部  純也[MIYAMOTO Kensaku," Junya ABE]"""," ""前期"""," ""木4""",,,
"562, ""061104"," ""健康・スポーツコミュニケーションⅡ M"""," ""宮本　賢作", 阿部  純也[MIYAMOTO Kensaku," Junya ABE]"""," ""後期"""," ""木4""",,,
"563, ""061107"," ""健康コミュニケーション """," ""野﨑　武司[NOZAKI Takeshi]"""," ""前期"""," ""集中"""," ""1～""", ,,,
"564, ""061201"," ""ボールゲームⅠ L"""," ""米村　耕平", 上野　耕平[YONEMURA Kohei," UENO Kohei]"""," ""前期"""," ""月4""",,,
"565, ""061203"," ""バドミントンＡ """," ""石川　雄一", 片山  昭彦[ISHIKAWA Yuichi," Akihiko KATAYAMA]"""," ""前期"""," ""火3""",,,
"566, ""061204"," ""バレーボールＡ """," ""石川　雄一", 石田　佳二[ISHIKAWA Yuichi," Keiji ISHIDA]"""," ""前期"""," ""火3""",,,
"567, ""061206"," ""バドミントンＢ """," ""石川　雄一", 片山  昭彦[ISHIKAWA Yuichi," Akihiko KATAYAMA]"""," ""前期"""," ""火4""",,,
"568, ""061207"," ""バレーボールＢ """," ""石川　雄一", 石田　佳二[ISHIKAWA Yuichi," Keiji ISHIDA]"""," ""前期"""," ""火4""",,,
"569, ""061209"," ""バレーボールＣ """," ""石川　雄一", 大西　努[ISHIKAWA Yuichi," Tsutomu ONISHI]"""," ""前期"""," ""木3""",,,
"570, ""061210"," ""バドミントンＣ """," ""石川　雄一", 阿部  純也[ISHIKAWA Yuichi," Junya ABE]"""," ""前期"""," ""木3""",,,
"571, ""061211"," ""バレーボールＤ """," ""上野　耕平[UENO Kohei]"""," ""前期"""," ""金3"""," ""1～""", ,,,
"572, ""061212"," ""バドミントンＤ """," ""石川　雄一[ISHIKAWA Yuichi]"""," ""前期"""," ""金3"""," ""1～""", ,,,
"573, ""061213"," ""バドミントンＥ """," ""石川　雄一[ISHIKAWA Yuichi]"""," ""前期"""," ""金4"""," ""1～""", ,,,
"574, ""061215"," ""ボールゲームⅡ L"""," ""米村　耕平", 上野　耕平[YONEMURA Kohei," UENO Kohei]"""," ""後期"""," ""月4""",,,
"575, ""061217"," ""卓球Ａ """," ""石川　雄一", 片山  昭彦[ISHIKAWA Yuichi," Akihiko KATAYAMA]"""," ""後期"""," ""火3""",,,
"576, ""061218"," ""バスケットボールＡ """," ""石川　雄一", 石田　佳二[ISHIKAWA Yuichi," Keiji ISHIDA]"""," ""後期"""," ""火3""",,,
"577, ""061219"," ""卓球Ｂ """," ""石川　雄一", 片山  昭彦[ISHIKAWA Yuichi," Akihiko KATAYAMA]"""," ""後期"""," ""火4""",,,
"578, ""061220"," ""バスケットボールＢ """," ""石川　雄一", 石田　佳二[ISHIKAWA Yuichi," Keiji ISHIDA]"""," ""後期"""," ""火4""",,,
"579, ""061221"," ""バスケットボールＣ """," ""石川　雄一", 大西　努[ISHIKAWA Yuichi," Tsutomu ONISHI]"""," ""後期"""," ""木3""",,,
"580, ""061222"," ""バドミントンＦ """," ""石川　雄一", 阿部  純也[ISHIKAWA Yuichi," Junya ABE]"""," ""後期"""," ""木3""",,,
"581, ""061223"," ""バスケットボールＤ """," ""米村　耕平[YONEMURA Kohei]"""," ""後期"""," ""金3"""," ""1～""", ,,,
"582, ""061224"," ""バドミントンＧ """," ""石川　雄一[ISHIKAWA Yuichi]"""," ""後期"""," ""金3"""," ""1～""", ,,,
"583, ""061225"," ""フィットネストレーニング """," ""石川　雄一[ISHIKAWA Yuichi]"""," ""後期"""," ""金4"""," ""1～""", ,,,
"584, ""061226"," ""硬式テニス """," ""石川　雄一", 杉山　貴義[ISHIKAWA Yuichi," Takayoshi Sugiyama]"""," ""前期"""," ""集中""",,,
"585, ""061227"," ""バレーボールE """," ""石川　雄一", 大西　努[ISHIKAWA Yuichi," Tsutomu ONISHI]"""," ""前期"""," ""集中""",,,
"586, ""061228"," ""スポーツレクリエーション """," ""石川　雄一", 石田　佳二[ISHIKAWA Yuichi," Keiji ISHIDA]"""," ""前期"""," ""集中""",,,
"587, ""061229"," ""ニュースポーツＡ """," ""石川　雄一", 田中  美季[ISHIKAWA Yuichi," Miki TANAKA]"""," ""前期"""," ""集中""",,,
"588, ""061230"," ""キャンプ """," ""石川　雄一[ISHIKAWA Yuichi]"""," ""前期"""," ""集中"""," ""1～""", ,,,
"589, ""061231"," ""フットサル """," ""石川　雄一", 澤　宜英[ISHIKAWA Yuichi," Yoshihide SAWA]"""," ""前期"""," ""集中""",,,
"590, ""061232"," ""スノースポーツ （イ）"""," ""石川　雄一[ISHIKAWA Yuichi]"""," ""後期"""," ""集中"""," ""1～""", ,,,
"591, ""061233"," ""スノースポーツ （ロ）"""," ""宮本　賢作[MIYAMOTO Kensaku]"""," ""後期"""," ""集中"""," ""1～""", ,,,
"592, ""061235"," ""ニュースポーツＢ """," ""野﨑　武司[NOZAKI Takeshi]"""," ""後期"""," ""集中"""," ""1～""", ,,,
"593, ""071101"," ""日本語Ⅰa """," ""山下　直子[YAMASHITA Naoko]"""," ""前期"""," ""月3"""," ""1～""", ,,,
"594, ""071102"," ""日本語Ⅰb """," ""塩井　実香[Shioi Mika]"""," ""前期"""," ""木2"""," ""1～""", ,,,
"595, ""071103"," ""日本語Ⅰc """," ""高水　徹[Takamizu Toru]"""," ""後期"""," ""火2"""," ""1～""", ,,,
"596, ""071201"," ""日本語Ⅱa """," ""塩井　実香", 佐藤  美穂[Shioi Mika," Miho SATOH]"""," ""後期"""," ""水2""",,,
"597, ""071202"," ""日本語Ⅱb """," ""塩井　実香", 佐藤  美穂[Shioi Mika," Miho SATOH]"""," ""後期"""," ""水3""",,,
"598, ""071203"," ""日本語Ⅱc """," ""塩井　実香[Shioi Mika]"""," ""後期"""," ""木2"""," ""1～""", ,,,
"599, ""071301"," ""日本語Ⅲa """," ""轟木  靖子[TODOROKI Yasuko]"""," ""前期"""," ""月3"""," ""1～""", ,,,
"600, ""071302"," ""日本語Ⅲb """," ""塩井　実香", 佐藤  美穂[Shioi Mika," Miho SATOH]"""," ""前期"""," ""木3""",,,
"601, ""071401"," ""日本語Ⅳa """," ""轟木  靖子[TODOROKI Yasuko]"""," ""後期"""," ""月3"""," ""1～""", ,,,
"602, ""071402"," ""日本語Ⅳb """," ""塩井　実香", 黒川　祐三子[Shioi Mika," Yumiko KUROKAWA]"""," ""後期"""," ""金3""",,,
"603, ""071501"," ""日本語Ⅴa """," ""塩井　実香", 黒川　祐三子[Shioi Mika," Yumiko KUROKAWA]"""," ""前期"""," ""金2""",,,
"604, ""071502"," ""日本語Ⅴb """," ""塩井　実香", 佐藤  美穂[Shioi Mika," Miho SATOH]"""," ""前期"""," ""木2""",,,
"605, ""071601"," ""日本語Ⅵa """," ""塩井　実香", 黒川　祐三子[Shioi Mika," Yumiko KUROKAWA]"""," ""後期"""," ""金2""",,,
"606, ""071602"," ""日本語Ⅵb """," ""山下　直子[YAMASHITA Naoko]"""," ""後期"""," ""木2"""," ""1～""", ,,,
"607, ""072101"," ""日本事情Ⅰa """," ""塩井　実香", 黒川　祐三子[Shioi Mika," Yumiko KUROKAWA]"""," ""前期"""," ""金3""",,,
"608, ""072102"," ""日本事情Ⅰb """," ""塩井　実香", 黒川　祐三子[Shioi Mika," Yumiko KUROKAWA]"""," ""前期"""," ""火3""",,,
"609, ""072201"," ""日本事情Ⅱa """," ""ロン　リム[Lrong Lim]"""," ""後期"""," ""木3"""," ""1～""", ,,,
"610, ""073101"," ""初級日本語Ⅰa ｲ"""," ""塩井　実香[Shioi Mika]"""," ""1Q"""," ""月2～3"""," ""1～""", ,,,
"611, ""073102"," ""初級日本語Ⅰb ｲ"""," ""高水　徹[Takamizu Toru]"""," ""1Q"""," ""水2","木2"""," ""1～""",,,
"612, ""073103"," ""初級日本語Ⅰc ｲ"""," ""塩井　実香[Shioi Mika]"""," ""1Q"""," ""火2～3"""," ""1～""", ,,,
"613, ""073201"," ""初級日本語Ⅱa ｲ"""," ""塩井　実香[Shioi Mika]"""," ""2Q"""," ""月2～3"""," ""1～""", ,,,
"614, ""073202"," ""初級日本語Ⅱb ｲ"""," ""高水　徹[Takamizu Toru]"""," ""2Q"""," ""水2","木2"""," ""1～""",,,
"615, ""073203"," ""初級日本語Ⅱc ｲ"""," ""塩井　実香[Shioi Mika]"""," ""2Q"""," ""火2～3"""," ""1～""", ,,,
"616, ""073301"," ""初級日本語Ⅰa ロ"""," ""塩井　実香[Shioi Mika]"""," ""3Q"""," ""月2～3"""," ""1～""", ,,,
"617, ""073302"," ""初級日本語Ⅰb ロ"""," ""高水　徹[Takamizu Toru]"""," ""3Q"""," ""木2～3"""," ""1～""", ,,,
"618, ""073303"," ""初級日本語Ⅰc ロ"""," ""高水　徹[Takamizu Toru]"""," ""3Q"""," ""金2～3"""," ""1～""", ,,,
"619, ""073401"," ""初級日本語Ⅱa ロ"""," ""塩井　実香[Shioi Mika]"""," ""4Q"""," ""月2～3"""," ""1～""", ,,,
"620, ""073402"," ""初級日本語Ⅱb ロ"""," ""高水　徹[Takamizu Toru]"""," ""4Q"""," ""木2～3"""," ""1～""", ,,,
"621, ""073403"," ""初級日本語Ⅱc ロ"""," ""高水　徹[Takamizu Toru]"""," ""4Q"""," ""金2～3"""," ""1～""", ,,,
"622, ""074102"," ""初級日本事情b ｲ"""," ""尾上　能久"""," ""前期"""," ""月4"""," ""1～""", ,,,
"623, ""074201"," ""初級日本事情a ロ"""," ""滝川　祐子[TAKIGAWA Yuko]"""," ""後期"""," ""木4"""," ""1～""", ,,,
"624, ""074202"," ""初級日本事情b ロ"""," ""尾上　能久"""," ""後期"""," ""月4"""," ""1～""", ,,,
"625, ""081101"," ""大学入門ゼミ L(1)"""," ""谷口　弓恵", 小西　憲一, 松下　幸司[TANIGUCHI Yumie, KONISHI Kenichi," Matsushita Koji]""",,,
"626, ""081102"," ""大学入門ゼミ L(2)"""," ""古橋　紀宏", 小西　憲一, 松下　幸司[FURUHASHI Norihiro, KONISHI Kenichi," Matsushita Koji]""",,,
"627, ""081103"," ""大学入門ゼミ L(3)"""," ""一色　玲子", 四ッ谷　直仁, 松下　幸司[ISSHIKI Reiko, YOTSUTANI Naoto," Matsushita Koji]""",,,
"628, ""081104"," ""大学入門ゼミ L(4)"""," ""松島　充", 四ッ谷　直仁, 松下　幸司[MATSUSHIMA Mitsuru, YOTSUTANI Naoto," Matsushita Koji]""",,,
"629, ""081105"," ""大学入門ゼミ L(5)"""," ""小方　朋子", 植田　和也, 松下　幸司[OGATA Tomoko, UEDA Kazuya," Matsushita Koji]""",,,
"630, ""081106"," ""大学入門ゼミ L(6)"""," ""清水　顕人", 植田　和也, 松下　幸司[SHIMIZU Akihito, UEDA Kazuya," Matsushita Koji]""",,,
"631, ""081201"," ""大学入門ゼミ J(1)"""," ""天田　悠[Yu AMADA]"""," ""前期"""," ""火4"""," ""1～""", ,,,
"632, ""081202"," ""大学入門ゼミ J(2)"""," ""春日川　路子[Michiko KASUGAKAWA]"""," ""前期"""," ""火4"""," ""1～""", ,,,
"633, ""081203"," ""大学入門ゼミ J(3)"""," ""岸野　薫[Kishino Kaori]"""," ""前期"""," ""火3"""," ""1～""", ,,,
"634, ""081204"," ""大学入門ゼミ J(4)"""," ""平野　美紀[Hirano Miki]"""," ""前期"""," ""火3"""," ""1～""", ,,,
"635, ""081205"," ""大学入門ゼミ J(5)"""," ""藤井　篤[Fujii Atsushi]"""," ""前期"""," ""火3"""," ""1～""", ,,,
"636, ""081206"," ""大学入門ゼミ J(6)"""," ""細谷　越史[Hosotani Etsushi]"""," ""前期"""," ""火4"""," ""1～""", ,,,
"637, ""081207"," ""大学入門ゼミ J(7)"""," ""前原　信夫[Maehara Nobuo]"""," ""前期"""," ""火4"""," ""1～""", ,,,
"638, ""081208"," ""大学入門ゼミ J(8)"""," ""鶴園　裕基[TSURUZONO Yuki]"""," ""前期"""," ""火3"""," ""1～""", ,,,
"639, ""081301"," ""大学入門ゼミ E(1)"""," ""天谷　研一[Amaya Kenichi]"""," ""前期"""," ""火3"""," ""1～""", ,,,
"640, ""081302"," ""大学入門ゼミ E(2)"""," ""井上　善弘[Inoue Yoshihiro]"""," ""前期"""," ""火3"""," ""1～""", ,,,
"641, ""081303"," ""大学入門ゼミ E(3)"""," ""沖　公祐[Oki Kosuke]"""," ""前期"""," ""火3"""," ""1～""", ,,,
"642, ""081304"," ""大学入門ゼミ E(4)"""," ""朴　鏡杓[Park Kyung Pyo]"""," ""前期"""," ""火3"""," ""1～""", ,,,
"643, ""081305"," ""大学入門ゼミ E(5)"""," ""早木　祥夏[HAYAKI Shoka]"""," ""前期"""," ""火3"""," ""1～""", ,,,
"644, ""081306"," ""大学入門ゼミ E(6)"""," ""水野　敦洋[MIZUNO Atsuhiro]"""," ""前期"""," ""火3"""," ""1～""", ,,,
"645, ""081307"," ""大学入門ゼミ E(7)"""," ""宮脇　秀貴[Miyawaki Hidetaka]"""," ""前期"""," ""火3"""," ""1～""", ,,,
"646, ""081308"," ""大学入門ゼミ E(8)"""," ""森貞　誠[Makoto MORISADA]"""," ""前期"""," ""火3"""," ""1～""", ,,,
"647, ""081309"," ""大学入門ゼミ E(9)"""," ""安井　敏晃[Yasui Toshiaki]"""," ""前期"""," ""火3"""," ""1～""", ,,,
"648, ""081310"," ""大学入門ゼミ E(10)"""," ""山口　尚美[Yamaguchi Naomi]"""," ""前期"""," ""火3"""," ""1～""", ,,,
"649, ""081311"," ""大学入門ゼミ E(11)"""," ""山崎　隆之[Yamasaki takayuki]"""," ""前期"""," ""火3"""," ""1～""", ,,,
"650, ""081312"," ""大学入門ゼミ E(12)"""," ""山ノ内　健太[Kenta YAMANOUCHI]"""," ""前期"""," ""火3"""," ""1～""", ,,,
"651, ""081313"," ""大学入門ゼミ E(13)"""," ""横山　佳充[Yokoyama Yoshimitsu]"""," ""前期"""," ""火3"""," ""1～""", ,,,
"652, ""081401"," ""大学入門ゼミ M(1)"""," ""栗原　亮介[Kurihara Ryohsuke]"""," ""前期"""," ""水1"""," ""1～""", ,,,
"653, ""081402"," ""大学入門ゼミ M(2)"""," ""北田　研人"," RAHMAN MD ASADUR"""," ""前期"""," ""水1"""," ""1～""",,,
"654, ""081403"," ""大学入門ゼミ M(3)"""," ""伊藤　日加瑠[ITO Hikaru]"""," ""前期"""," ""水1"""," ""1～""", ,,,
"655, ""081404"," ""大学入門ゼミ M(4)"""," ""髙橋　弘雄[Takahashi Hiroo]"""," ""前期"""," ""水1"""," ""1～""", ,,,
"656, ""081405"," ""大学入門ゼミ M(5)"""," ""藤井　豊", 石上　悦子, 辻　京子[Fujii Yutaka, Ishigami Etsuko," Tsuji Kyoko]""",,,
"657, ""081406"," ""大学入門ゼミ M(6)"""," ""市原　多香子", 渡邉　久美, 松本　啓子[Ichihara Takako, Watanabe Kumi," Matsumoto Keiko]""",,,
"658, ""081407"," ""大学入門ゼミ M(7)"""," ""野口　修司", 岡崎　聡, 岡崎　聡[Shuji NOGUCHI, Okazaki Satoshi," OKAZAKI Satoshi]""",,,
"659, ""081501"," ""大学入門ゼミ T(1)"""," ""北村　尊義", 吉村　英徳[KITAMURA Takayoshi," Yoshimura Hidenori]"""," ""前期"""," ""水3""",,,
"660, ""081502"," ""大学入門ゼミ T(2)"""," ""吉村　英徳", 北村　尊義[Yoshimura Hidenori," KITAMURA Takayoshi]"""," ""前期"""," ""水3""",,,
"661, ""081503"," ""大学入門ゼミ T(3)"""," ""山中　稔", 中島  美登子, 角道　弘文[Yamanaka Minoru, Nakashima Mitoko," Kakudo Hirofumi]""",,,
"662, ""081504"," ""大学入門ゼミ T(4)"""," ""中島  美登子", 角道　弘文, 山中　稔[Nakashima Mitoko, Kakudo Hirofumi," Yamanaka Minoru]""",,,
"663, ""081505"," ""大学入門ゼミ T(5)"""," ""角道　弘文", 中島  美登子, 山中　稔[Kakudo Hirofumi, Nakashima Mitoko," Yamanaka Minoru]""",,,
"664, ""081506"," ""大学入門ゼミ T(6)"""," ""地元　孝輔[CHIMOTO Kosuke]"""," ""前期"""," ""水2"""," ""1～""", ,,,
"665, ""081507"," ""大学入門ゼミ T(7)"""," ""香川　考司", 亀井　仁志[Kagawa Koji," KAMEI Hitoshi]"""," ""前期"""," ""水2""",,,
"666, ""081508"," ""大学入門ゼミ T(8)"""," ""亀井　仁志", 香川　考司[KAMEI Hitoshi," Kagawa Koji]"""," ""前期"""," ""水2""",,,
"667, ""081509"," ""大学入門ゼミ T(9)"""," ""丹治　裕一", 北島　博之[Tanji Yuichi," Kitajima Hiroyuki]"""," ""前期"""," ""水2""",,,
"668, ""081510"," ""大学入門ゼミ T(10)"""," ""北島　博之", 丹治　裕一[Kitajima Hiroyuki," Tanji Yuichi]"""," ""前期"""," ""水2""",,,
"669, ""081511"," ""大学入門ゼミ T(11)"""," ""高尾　英邦", 佐々木　大輔, 井上　恒[Takao Hidekuni, Daisuke SASAKI," Inoue Koh]""",,,
"670, ""081512"," ""大学入門ゼミ T(12)"""," ""佐々木　大輔", 井上　恒, 高尾　英邦[Daisuke SASAKI, Inoue Koh," Takao Hidekuni]""",,,
"671, ""081513"," ""大学入門ゼミ T(13)"""," ""井上　恒", 佐々木　大輔, 高尾　英邦[Inoue Koh, Daisuke SASAKI," Takao Hidekuni]""",,,
"672, ""081514"," ""大学入門ゼミ T(14)"""," ""小柴　俊", 須崎　嘉文, 舟橋  正浩[Koshiba Shun, Suzaki Yoshifumi," Funahashi Masahiro]""",,,
"673, ""081515"," ""大学入門ゼミ T(15)"""," ""須崎　嘉文", 小柴　俊, 舟橋  正浩[Suzaki Yoshifumi, Koshiba Shun," Funahashi Masahiro]""",,,
"674, ""081516"," ""大学入門ゼミ T(16)"""," ""舟橋  正浩", 須崎　嘉文, 小柴　俊[Funahashi Masahiro, Suzaki Yoshifumi," Koshiba Shun]""",,,
"675, ""081601"," ""大学入門ゼミ A(1)"""," ""木村　義雄[Kimura Yoshio]"""," ""前期"""," ""水4"""," ""1～""", ,,,
"676, ""081602"," ""大学入門ゼミ A(2)"""," ""山口  一岩[Yamaguchi Hitomi]"""," ""前期"""," ""水4"""," ""1～""", ,,,
"677, ""081603"," ""大学入門ゼミ A(3)"""," ""松本　由樹", 花木　祐輔[Matsumoto Yoshiki," Yusuke HANAKI]"""," ""前期"""," ""水4""",,,
"678, ""081604"," ""大学入門ゼミ A(4)"""," ""花木　祐輔", 松本　由樹[Yusuke HANAKI," Matsumoto Yoshiki]"""," ""前期"""," ""水4""",,,
"679, ""081605"," ""大学入門ゼミ A(5)"""," ""安井　行雄", 武藤　幸雄[Yasui Yukio," Mutoh Yukio]"""," ""前期"""," ""水4""",,,
"680, ""081606"," ""大学入門ゼミ A(6)"""," ""武藤　幸雄", 安井　行雄[Mutoh Yukio," Yasui Yukio]"""," ""前期"""," ""水4""",,,
"681, ""081607"," ""大学入門ゼミ A(7)"""," ""五味　剣二[Gomi Kenji]"""," ""前期"""," ""水4"""," ""1～""", ,,,
"682, ""081608"," ""大学入門ゼミ A(8)"""," ""別府　賢治[Betsupu Kenji]"""," ""前期"""," ""水4"""," ""1～""", ,,,
"683, ""081609"," ""大学入門ゼミ A(9)"""," ""米倉　リナ"," 加藤　志郎[Yonekura Lina ]"""," ""前期"""," ""水4"""," ""1～""",,,
"684, ""081610"," ""大学入門ゼミ A(10)"""," ""加藤　志郎"," 米倉　リナ[Yonekura Lina ]"""," ""前期"""," ""水4"""," ""1～""",,,
"685, ""082101"," ""情報リテラシーA L(1)"""," ""宮﨑　英一[MIYAZAKI Eiichi]"""," ""1Q"""," ""水2"""," ""1～""", ,,,
"686, ""082102"," ""情報リテラシーA L(2)"""," ""黒田　勉[KURODA Tsutomu]"""," ""1Q"""," ""木3"""," ""1～""", ,,,
"687, ""082103"," ""情報リテラシーA L(3)"""," ""山田　貴志[YAMADA Takashi]"""," ""1Q"""," ""金3"""," ""1～""", ,,,
"688, ""082201"," ""情報リテラシーA J(1)"""," ""米谷　雄介[Yusuke Kometani]"""," ""1Q"""," ""火3"""," ""1～""", ,,,
"689, ""082202"," ""情報リテラシーA J(2)"""," ""米谷　雄介[Yusuke Kometani]"""," ""1Q"""," ""火4"""," ""1～""", ,,,
"690, ""082301"," ""情報リテラシーA E(1)"""," ""安井　敏晃[Yasui Toshiaki]"""," ""1Q"""," ""水3"""," ""1～""", ,,,
"691, ""082302"," ""情報リテラシーA E(2)"""," ""安井　敏晃[Yasui Toshiaki]"""," ""1Q"""," ""水4"""," ""1～""", ,,,
"692, ""082303"," ""情報リテラシーA E(3)"""," ""安井　敏晃[Yasui Toshiaki]"""," ""1Q"""," ""金3"""," ""1～""", ,,,
"693, ""082304"," ""情報リテラシーA E(4)"""," ""安井　敏晃[Yasui Toshiaki]"""," ""1Q"""," ""金4"""," ""1～""", ,,,
"694, ""082401"," ""情報リテラシーA M(1)"""," ""横井　英人", 三上　史哲[Yokoi Hideto," Fumiaki MIKAMI]"""," ""2Q"""," ""金5""",,,
"695, ""082402"," ""情報リテラシーA M(2)"""," ""野口　修司", 加藤　育子, 岡崎　聡[Shuji NOGUCHI, Kato Ikuko," Okazaki Satoshi]""",,,
"696, ""082501"," ""情報リテラシーA T(1)"""," ""林　敏浩", 後藤田　中[Hayashi Toshihiro," Gotoda Naka]"""," ""1Q"""," ""水5""",,,
"697, ""082502"," ""情報リテラシーA T(2)"""," ""荒木　裕行[Hiroyuki ARAKI]"""," ""1Q"""," ""水3"""," ""1～""", ,,,
"698, ""082503"," ""情報リテラシーA T(3)"""," ""八重樫　理人", 高木　智彦, 米谷　雄介[Yaegashi Rihito , Takagi Tomohiko," Yusuke Kometani]""",,,
"699, ""082504"," ""情報リテラシーA T(4)"""," ""佐藤　敬子[Sato Keiko]"""," ""1Q"""," ""水2"""," ""1～""", ,,,
"700, ""082505"," ""情報リテラシーA T(5)"""," ""田中　康弘[Tanaka Yasuhiro]"""," ""1Q"""," ""水2"""," ""1～""", ,,,
"701, ""082601"," ""情報リテラシーA A"""," ""櫻庭　春彦", 田中　直孝[Sakuraba Haruhiko," Tanaka Naotaka]"""," ""1Q"""," ""水1""",,,
"702, ""083001"," ""情報リテラシーB """," ""林　敏浩", 藤澤　修平[Hayashi Toshihiro," Shuhei FUJISAWA]"""," ""2Q"""," ""集中""",,,
"703, ""090211"," ""自然災害と法 """," ""鹿子嶋　仁[Kagoshima Hitoshi]"""," ""後期後半"""," ""火6～7"""," ""1～""", ,,,
"704, ""090212"," ""AI時代の持続可能社会を考える """," ""朴　恩芝[Park Eunjee]"""," ""後期前半"""," ""月6～7"""," ""1～""", ,,,
"705, ""090213"," ""日常生活の中のバイオサイエンス """," ""渡邉　彰", 末吉　紀行[Watanabe Akira," Sueyoshi Noriyuki]"""," ""後期後半"""," ""火6～7""",,,
"706, ""091201"," ""哲学 """," ""佐藤  慶太[Sato Keita]"""," ""後期前半"""," ""火6～7"""," ""1～""", ,,,
"707, ""091202"," ""芸術 """," ""柴田　悠基"""," ""前期後半"""," ""火6～7"""," ""1～""", ,,,
"708, ""091203"," ""歴史学 """," ""唐澤　晃一[KARASAWA Koichi]"""," ""後期後半"""," ""月6～7"""," ""1～""", ,,,
"709, ""091204"," ""医学 """," ""三宅　啓介[Miyake Keisuke]"""," ""後期後半"""," ""木6～7"""," ""1～""", ,,,
"710, ""094101"," ""英語Ⅰ """," ""長井　克己[Nagai Katsumi]"""," ""前期"""," ""水6～7"""," ""1～""", ,,,
"711, ""094102"," ""英語Ⅱ """," ""長井　克己", ジョナサン　ベリー　[Nagai Katsumi," Jonathan Berry]"""," ""後期"""," ""水6～7""",,,
"712, ""094103"," ""英語Ⅲ """," ""長井　克己", 森川　光与[Nagai Katsumi," Mitsuyo MORIKAWA]"""," ""前期"""," ""木6～7""",,,
"713, ""098101"," ""大学入門ゼミ """," ""鶴園　裕基[TSURUZONO Yuki]"""," ""前期前半"""," ""火6～7"""," ""1～""", ,,,
"714, ""098201"," ""情報リテラシー """," ""安井　敏晃[Yasui Toshiaki]"""," ""前期前半"""," ""木6～7"""," ""1～""", ,,,
"715, ""099101"," ""フィットネス＆ボールゲーム（夜間主コース学生向け） """," ""石川　雄一[ISHIKAWA Yuichi]"""," ""後期"""," ""集中"""," ""1～""", ,,,
